"g","se","dvtype","preregistered","pose_posture","coverstory","culture","reference","study_no","year"
0.708320323690279,0.353943721693504,"Physiology",0,0,1,0,"Carney et al. (2010), Study 1","1",2010
0.933121426784024,0.360154766266816,"Physiology",0,0,1,0,"Carney et al. (2010), Study 1","1",2010
0.617804382542858,0.318477844466621,"Behavior",0,0,1,0,"Carney et al. (2010), Study 1","1",2010
0.896342883764267,0.308020066972323,"Self-Reports",0,0,1,0,"Carney et al. (2010), Study 1","1",2010
0.650978400538694,0.296719806129526,"Behavior",0,0,1,0,"Carney et al. (2010), Study 2","2",2010
0.583571166280303,0.29147406935984,"Self-Reports",0,0,1,0,"Carney et al. (2010), Study 2","2",2010
-0.299139599751178,0.271684196681851,"Physiology",1,0,1,0,"Davis et al. (2017), Study 1","1",2017
-0.238270530877308,0.269471936302352,"Physiology",1,0,1,0,"Davis et al. (2017), Study 1","1",2017
0.125433640876574,0.262197804824533,"Self-Reports",1,0,1,0,"Davis et al. (2017), Study 1","1",2017
0.0589275500416027,0.248534431370269,"Physiology",0,0,1,0,"Deuter et al. (2016), Study 1","1",2016
-0.422473959328557,0.268458479745942,"Physiology",0,0,1,0,"Deuter et al. (2016), Study 1","1",2016
-0.0446927971687028,0.288627067992069,"Self-Reports",0,0,1,0,"Deuter et al. (2016), Study 1","1",2016
-0.39872210608465,0.267319739674207,"Self-Reports",0,0,1,0,"Deuter et al. (2016), Study 1","1",2016
-0.199233716475096,0.142264471642852,"Physiology",0,0,0,0,"Ranehill et al. (2015), Study 1","1",2015
-0.15639846743295,0.141413276133823,"Physiology",0,0,0,0,"Ranehill et al. (2015), Study 1","1",2015
-0.175332490518331,0.140862044443814,"Behavior",0,0,0,0,"Ranehill et al. (2015), Study 1","1",2015
0.342661478599222,0.143718215788484,"Self-Reports",0,0,0,0,"Ranehill et al. (2015), Study 1","1",2015
-0.176272665994322,0.273544513163617,"Physiology",1,0,1,0,"Ronay et al. (2017), Study 1","1",2017
0.255909887737139,1.35069884703196,"Physiology",1,0,1,0,"Ronay et al. (2017), Study 1","1",2017
0.0755284866319155,0.0626338362189983,"Behavior",1,0,1,0,"Ronay et al. (2017), Study 1","1",2017
0.286466688492266,0.542850747323029,"Behavior",1,0,1,0,"Ronay et al. (2017), Study 1","1",2017
0.216332884719711,0.187005823233241,"Self-Reports",1,0,1,0,"Ronay et al. (2017), Study 1","1",2017
-0.0793901214633291,0.152326307067583,"Physiology",0,0,1,0,"Smith & Apicella (2017), Study 1","1",2017
-0.0646944805092717,0.150343607055126,"Physiology",0,0,1,0,"Smith & Apicella (2017), Study 1","1",2017
0.225636229795279,0.157855824989321,"Behavior",0,0,1,0,"Smith & Apicella (2017), Study 1","1",2017
0.0927087199981779,0.152917422822494,"Self-Reports",0,0,1,0,"Smith & Apicella (2017), Study 1","1",2017
-0.494873284758094,0.227203392826543,"Physiology",0,0,1,0,"Turan (2015), Study 1","1",2015
-0.0171971456590983,0.197315427438926,"Physiology",0,0,1,0,"Turan (2015), Study 1","1",2015
0.423694886261165,0.219707898350798,"Self-Reports",0,0,1,0,"Turan (2015), Study 1","1",2015
-0.0692641898775221,0.183850179587707,"Physiology",0,0,1,0,"Metzler & Grèzes (2019), Study 1","1",2019
0.0106645934076532,0.0183761075580216,"Physiology",0,0,1,0,"Metzler & Grèzes (2019), Study 1","1",2019
-0.131232154152442,0.0837041778290647,"Physiology",0,0,1,0,"Metzler & Grèzes (2019), Study 1","1",2019
-0.0990476190476191,0.109262495396578,"Self-Reports",0,0,1,0,"Metzler & Grèzes (2019), Study 1","1",2019
0.100375095137511,0.182783082517526,"Physiology",0,0,1,0,"Laborde et al. (2019), Study 1","1",2019
1.70739925783337,0.218591584336863,"Self-Reports",0,0,1,0,"Laborde et al. (2019), Study 1","1",2019
1.07636940104722,0.202808175101587,"Self-Reports",0,0,1,0,"Laborde et al. (2019), Study 1","1",2019
0.940698565597187,0.302953415181585,"Physiology",0,0,1,0,"Saggese et al. (2018), Study 1","1",2018
0.651350539870139,0.296583230363505,"Behavior",0,0,1,0,"Saggese et al. (2018), Study 1","1",2018
0.643353190547089,0.291080740488865,"Self-Reports",0,0,1,0,"Saggese et al. (2018), Study 1","1",2018
0.308604102797435,0.282544210590822,"Self-Reports",0,0,1,0,"Saggese et al. (2018), Study 1","1",2018
-0.196409404040411,0.09579796386554,"Behavior",0,0,1,0,"Cesario & McDonald (2013), Study 1","1",2013
0.290862170337212,0.147346847991221,"Behavior",0,0,1,0,"Cesario & McDonald (2013), Study 1","1",2013
0.098595926175256,0.213008589821357,"Behavior",0,0,1,0,"Cesario & McDonald (2013), Study 2","2",2013
0.0646728701687394,0.216062951909063,"Behavior",0,0,1,0,"Cesario & McDonald (2013), Study 2","2",2013
0.231932850853971,0.25541021092287,"Behavior",0,0,1,1,"Chen et al. (2019), Study 1","1",2019
-0.138450184501845,0.236593635309253,"Behavior",1,0,1,1,"Chen et al. (2019), Study 2","2",2019
0.128717053804043,0.167762023036886,"Behavior",1,0,0,0,"Keller et al. (2017), Study 1","1",2017
0.169816508322289,0.167346476551662,"Behavior",1,0,1,0,"Keller et al. (2017), Study 1","1",2017
0.295051218982377,0.175343329321859,"Self-Reports",1,0,0,0,"Keller et al. (2017), Study 1","1",2017
0.0286867828304291,0.157744336888782,"Self-Reports",1,0,1,0,"Keller et al. (2017), Study 1","1",2017
0.0797644087995491,0.155313030255773,"Behavior",1,0,1,0,"Bombari et al. (2017), Study 1","1",2017
0.279678063820421,0.141044555750233,"Self-Reports",1,0,1,0,"Bombari et al. (2017), Study 1","1",2017
0.0267878699408746,0.20694008090606,"Behavior",0,0,1,0,"Jansen & Hornbæk (2018), Study 2","2",2018
0.371557115846548,0.298508820647362,"Self-Reports",0,0,1,0,"Jansen & Hornbæk (2018), Study 1","1",2018
-0.220247881218254,0.29,"Behavior",1,0,1,0,"Garrison et al. (2016), Study 1","1",2016
0.0207938908998333,0.110342762229259,"Behavior",1,0,1,0,"Garrison et al. (2016), Study 1","1",2016
-0.0696674460655514,0.24,"Behavior",1,0,1,0,"Garrison et al. (2016), Study 1","1",2016
-0.25506822634986,0.1162616065444,"Self-Reports",1,0,1,0,"Garrison et al. (2016), Study 1","1",2016
-0.119634201749006,0.110831982614235,"Self-Reports",1,0,1,0,"Garrison et al. (2016), Study 1","1",2016
-0.035604252744646,0.218636187524753,"Behavior",0,0,1,0,"Allen et al. (2013), Study 1","1",2013
0.890137128880478,0.239373619896421,"Behavior",0,0,1,0,"Yap et al. (2013), Study 1","1",2013
0.711137523127069,0.363448026720208,"Behavior",0,0,1,0,"Yap et al. (2013), Study 2","2",2013
0.518171575292017,0.26012918062286,"Behavior",0,0,1,0,"Yap et al. (2013), Study 3","3",2013
0.488045683672824,0.246126513102764,"Self-Reports",0,0,1,0,"Yap et al. (2013), Study 3","3",2013
-0.629034901863344,0.324550004998439,"Self-Reports",0,0,1,0,"Tiedens & Fragale (2003), Study 2","2",2003
-0.552710675011015,0.321910816834606,"Self-Reports",0,0,1,0,"Tiedens & Fragale (2003), Study 2","2",2003
0.372012638892986,0.33598395821284,"Self-Reports",0,0,1,0,"Tiedens & Fragale (2003), Study 2","2",2003
0.669144692182973,0.267554070348045,"Behavior",0,0,1,0,"Chadwick et al. (2019), Study 2","2",2019
0.197396648745522,0.430905165089643,"Behavior",0,0,1,0,"Chadwick et al. (2019), Study 2","2",2019
0.395665316491148,0.311334437218888,"Behavior",0,0,1,0,"Chadwick et al. (2019), Study 2","2",2019
0.197396648745522,0.462198180088241,"Behavior",0,0,1,0,"Chadwick et al. (2019), Study 2","2",2019
0.234036143412014,0.406844978255575,"Behavior",0,0,1,0,"Chadwick et al. (2019), Study 2","2",2019
0.273337784099935,0.294422244631036,"Self-Reports",0,0,1,0,"Chadwick et al. (2019), Study 2","2",2019
0.124467996510197,0.291325883232307,"Self-Reports",0,0,1,0,"Chadwick et al. (2019), Study 2","2",2019
0.456463051933196,0.257592009426161,"Self-Reports",0,0,1,0,"Cuddy et al. (2015), Study 1","1",2015
0.312571578309304,0.121381122507706,"Self-Reports",1,0,1,0,"Klaschinski et al. (2017), Study 1","1",2017
0.873182463472883,0.339083508947518,"Self-Reports",0,0,0,0,"Fischer et al. (2011), Study 2","2",2011
0.709536112253589,0.323410757554418,"Self-Reports",0,0,0,0,"Fischer et al. (2011), Study 2","2",2011
0.744490973655291,0.289108659744207,"Self-Reports",0,0,1,1,"Teh et al. (2017), Study 1","1",2017
0.879022045305379,0.267602521401292,"Self-Reports",0,0,1,1,"Teh et al. (2017), Study 1","1",2017
0.625712059024398,0.269295513532906,"Self-Reports",0,0,1,1,"Teh et al. (2017), Study 1","1",2017
0.610755449363861,0.262858450636075,"Self-Reports",0,0,1,1,"Teh et al. (2017), Study 1","1",2017
0.300169805142927,0.140604502469624,"Self-Reports",0,0,1,0,"Peña & Chen (2017a), Study 1","1",2017
0.443390218188656,0.143113752392185,"Self-Reports",0,0,1,0,"Peña & Chen (2017a), Study 1","1",2017
0.307359645603042,0.139627053131351,"Self-Reports",0,0,1,0,"Peña & Chen (2017a), Study 1","1",2017
0.296865564908178,0.0958197614814278,"Self-Reports",0,0,1,0,"Peña & Chen (2017a), Study 1","1",2017
0.12135583039341,0.136216129933654,"Self-Reports",0,0,1,0,"Peña & Chen (2017a), Study 1","1",2017
0.145499654603753,0.133708944413432,"Self-Reports",1,0,1,0,"Latu et al. (2017), Study 1","1",2017
0.176802068634548,0.13663009734904,"Self-Reports",1,0,1,0,"Latu et al. (2017), Study 1","1",2017
-0.00811279802207881,0.147145022422485,"Self-Reports",1,0,1,0,"Latu et al. (2017), Study 1","1",2017
-0.108540986870237,0.138053787151307,"Self-Reports",1,0,1,0,"Latu et al. (2017), Study 1","1",2017
1.43912819868671,0.454340276199718,"Self-Reports",0,0,0,0,"Rossberg-Gempton & Poole (1993), Study 1","1",1993
0.575017499212938,0.209146653359111,"Self-Reports",0,0,1,0,"Miragall et al. (2018a), Study 1","1",2018
0.416605820903002,0.679539739784945,"Self-Reports",0,0,1,0,"Miragall et al. (2018a), Study 1","1",2018
0.164765525982256,0.189731690940452,"Self-Reports",0,0,1,0,"Miragall et al. (2018a), Study 1","1",2018
0.216486796237788,0.237919374271613,"Self-Reports",0,0,1,0,"Miragall et al. (2018a), Study 1","1",2018
0.213962707144684,0.246886890600039,"Self-Reports",0,0,1,0,"Miragall et al. (2018a), Study 1","1",2018
1.00333270352494,0.323847261867547,"Self-Reports",0,1,0,0,"Arnette & Pettijon II, 2012, Study 1","1",2012
-0.113482323943662,0.786131722814651,"Self-Reports",0,1,1,0,"Brinol et al., 2009, Study 1","1",2009
0.791746817598426,0.243863578672601,"Self-Reports",0,1,1,0,"Brinol et al., 2009, Study 1","1",2009
0.350701543634709,0.369483018039543,"Behavior",0,1,0,0,"Brinol et al., 2009, Study 2","2",2009
0.387361447634563,0.23645638610603,"Self-Reports",0,1,0,0,"Ceunen et al., 2014, Study 1","1",2014
-0.173961849482702,0.229963290129571,"Self-Reports",0,1,0,0,"Ceunen et al., 2014, Study 1","1",2014
0.203949275850436,0.231420377127916,"Self-Reports",0,1,0,0,"Ceunen et al., 2014, Study 1","1",2014
0.178596873020927,0.076864966787649,"Self-Reports",0,1,0,0,"Ceunen et al., 2014, Study 1","1",2014
-0.127604985582088,0.227070737487875,"Self-Reports",0,1,0,0,"Ceunen et al., 2014, Study 1","1",2014
-1.18839304645925,1.14619273384727,"Physiology",0,1,0,0,"Ceunen et al., 2014, Study 1","1",2014
0.81250175748027,0.230067202691737,"Self-Reports",0,1,1,0,"Kozak et al., 2014, Study 1","1",2014
0.588677426247659,0.227108551271151,"Self-Reports",0,1,1,0,"Kozak et al., 2014, Study 1","1",2014
0.71518154456101,0.393657587007258,"Self-Reports",0,1,1,0,"Michalak et al., 2014, Study 1","1",2014
0.0896474580329587,0.0421158517259967,"Self-Reports",0,1,1,0,"Miragall et al., 2020, Study 1","1",2020
-0.0706133213967782,0.0368603322507748,"Self-Reports",0,1,1,0,"Miragall et al., 2020, Study 1","1",2020
0.018440063618174,0.0853593846278904,"Self-Reports",0,1,1,0,"Miragall et al., 2020, Study 1","1",2020
0.169563931900559,0.0639310334268337,"Self-Reports",0,1,1,0,"Miragall et al., 2020, Study 1","1",2020
-0.276821963308804,0.199981434125055,"Self-Reports",0,1,1,0,"Miragall et al., 2020, Study 1","1",2020
-0.582280681294285,0.366511957632578,"Self-Reports",0,1,1,0,"Miragall et al., 2020, Study 1","1",2020
-0.151377795430467,0.395469776322446,"Self-Reports",0,1,1,0,"Miragall et al., 2020, Study 1","1",2020
0.276046123972989,0.115778571244438,"Self-Reports",0,1,1,0,"Miragall et al., 2020, Study 1","1",2020
-0.26170366236134,0.246366247813739,"Physiology",0,1,1,0,"Nair et al., 2015, Study 1","1",2015
0.582257212373148,0.253063539109003,"Physiology",0,1,1,0,"Nair et al., 2015, Study 1","1",2015
-0.250146786632419,0.205341506663171,"Physiology",0,1,1,0,"Nair et al., 2015, Study 1","1",2015
0.895050373884303,0.238723927603395,"Behavior",0,1,1,0,"Nair et al., 2015, Study 1","1",2015
1.36928880785474,0.252795258709568,"Behavior",0,1,1,0,"Nair et al., 2015, Study 1","1",2015
0.500358347437219,0.235094736959201,"Self-Reports",0,1,1,0,"Nair et al., 2015, Study 1","1",2015
0.426086367329526,0.234017933447892,"Self-Reports",0,1,1,0,"Nair et al., 2015, Study 1","1",2015
0.119545287604672,0.223511854506923,"Self-Reports",0,1,1,0,"Nair et al., 2015, Study 1","1",2015
0.686349912156101,0.237648651653169,"Self-Reports",0,1,1,0,"Nair et al., 2015, Study 1","1",2015
-0.783573200027621,0.239134071388741,"Self-Reports",0,1,1,0,"Nair et al., 2015, Study 1","1",2015
-0.570078634411242,0.236038259820223,"Self-Reports",0,1,1,0,"Nair et al., 2015, Study 1","1",2015
-0.734768729154093,0.238368237146895,"Self-Reports",0,1,1,0,"Nair et al., 2015, Study 1","1",2015
-0.126011797456886,0.224003829569522,"Self-Reports",0,1,1,0,"Nair et al., 2015, Study 1","1",2015
0.500009363587926,0.23373490018367,"Self-Reports",0,1,1,0,"Nair et al., 2015, Study 1","1",2015
0.150897359744219,0.251575955626964,"Self-Reports",0,1,1,0,"Nair et al., 2015, Study 1","1",2015
0.331207458987398,0.235393680588365,"Self-Reports",0,1,1,0,"Nair et al., 2015, Study 1","1",2015
-0.100302388101538,0.225884451564571,"Self-Reports",0,1,1,0,"Nair et al., 2015, Study 1","1",2015
0.23201544693624,0.231076034159984,"Self-Reports",0,1,1,0,"Nair et al., 2015, Study 1","1",2015
0.0277921027971024,0.214303316715579,"Self-Reports",0,1,1,0,"Nair et al., 2015, Study 1","1",2015
-0.0239077693273202,0.21870883928654,"Self-Reports",0,1,1,0,"Nair et al., 2015, Study 1","1",2015
0.0835249709809145,0.230371058068549,"Self-Reports",0,1,1,0,"Nair et al., 2015, Study 1","1",2015
0.855238078302913,0.24047548586696,"Self-Reports",0,1,1,0,"Nair et al., 2015, Study 1","1",2015
1.78804188001599,0.141337642280421,"Self-Reports",0,1,0,0,"Peper et al., 2017, Study 1","1",2017
1.42348732206585,0.138194742497233,"Self-Reports",0,1,0,0,"Peper et al., 2017, Study 1","1",2017
3.14807986947612,0.423098040281777,"Self-Reports",0,1,0,0,"Peper et al., 2016, Study 1","1",2016
0.528895822251056,0.127206852214196,"Self-Reports",0,1,0,0,"Peper et al., 2018, Study 1","1",2018
1.2482287778627,0.504966055436139,"Behavior",0,1,1,0,"Riskind & Gotay, 1982, Study 1","1",1982
0.869484010180481,0.458314365473719,"Behavior",0,1,1,0,"Riskind & Gotay, 1982, Study 2","2",1982
3.43900357111332,0.859853188584853,"Behavior",0,1,0,0,"Riskind, 1983, Study 1","1",1983
0.909068004017546,0.483936107171005,"Behavior",0,1,0,0,"Riskind, 1983, Study 1","1",1983
3.89576667617741,0.842370459808986,"Behavior",0,1,0,0,"Riskind, 1983, Study 1","1",1983
1.49982247470202,0.636589136873295,"Self-Reports",0,1,0,0,"Riskind, 1983, Study 1","1",1983
0.865382139018311,0.422296086978549,"Self-Reports",0,1,1,0,"Riskind, 1983, Study 2","2",1983
0.98791909088392,0.468829224201246,"Self-Reports",0,1,1,0,"Riskind, 1983, Study 2","2",1983
1.0072586343145,0.429416703105189,"Behavior",0,1,1,0,"Riskind, 1983, Study 2","2",1983
0.790938564450848,0.457351852711343,"Behavior",0,1,1,0,"Riskind, 1983, Study 2","2",1983
-0.612604175666274,0.316976720257778,"Self-Reports",0,1,1,0,"Riskind, 1984, Study 2","2",1984
0.917639087950689,0.460838463461152,"Self-Reports",0,1,1,0,"Riskind, 1984, Study 3","3",1984
-0.95198265634441,0.462669914670448,"Self-Reports",0,1,1,0,"Riskind, 1984, Study 3","3",1984
0.585035938185294,0.262900511391243,"Self-Reports",0,1,1,0,"Roberts & Arefi-Afshar, 2007, Study 1","1",2007
0.484206749084287,0.260937934746565,"Self-Reports",0,1,1,0,"Roberts & Arefi-Afshar, 2007, Study 1","1",2007
0.499393459060357,0.261240073729193,"Self-Reports",0,1,1,0,"Roberts & Arefi-Afshar, 2007, Study 1","1",2007
0.499393459060357,0.261240073729193,"Self-Reports",0,1,1,0,"Roberts & Arefi-Afshar, 2007, Study 1","1",2007
0.573827314745401,0.262684594357375,"Self-Reports",0,1,1,0,"Roberts & Arefi-Afshar, 2007, Study 1","1",2007
0.529686752072677,0.261832771378135,"Self-Reports",0,1,1,0,"Roberts & Arefi-Afshar, 2007, Study 1","1",2007
0.267589402776108,0.200520975225175,"Self-Reports",0,1,1,0,"Stepper & Strack, 1993, Study 1","1",1993
-0.298403771498885,0.264649436544157,"Physiology",0,1,0,1,"Tsai et al., 2016, Study 1","1",2016
-0.298140446224923,0.264714959185047,"Physiology",0,1,0,1,"Tsai et al., 2016, Study 1","1",2016
-0.0406133857393997,0.245572378043235,"Physiology",0,1,0,1,"Tsai et al., 2016, Study 1","1",2016
0.00719622173647511,0.239702675530135,"Physiology",0,1,0,1,"Tsai et al., 2016, Study 1","1",2016
-0.0695181200271431,0.249618663292172,"Physiology",0,1,0,1,"Tsai et al., 2016, Study 1","1",2016
-0.0105701770006055,0.240327062077234,"Physiology",0,1,0,1,"Tsai et al., 2016, Study 1","1",2016
-0.132075801801112,0.255982419569386,"Physiology",0,1,0,1,"Tsai et al., 2016, Study 1","1",2016
-0.102715569366902,0.25333548525177,"Physiology",0,1,0,1,"Tsai et al., 2016, Study 1","1",2016
-0.331675113699042,0.265677268374051,"Physiology",0,1,0,1,"Tsai et al., 2016, Study 1","1",2016
-0.290764392697459,0.264443167541692,"Physiology",0,1,0,1,"Tsai et al., 2016, Study 1","1",2016
-0.548997670967947,0.27049324759094,"Physiology",0,1,0,1,"Tsai et al., 2016, Study 1","1",2016
-0.531887730352127,0.270486167952049,"Physiology",0,1,0,1,"Tsai et al., 2016, Study 1","1",2016
-1.02064787535437,0.281276988405066,"Physiology",0,1,0,1,"Tsai et al., 2016, Study 1","1",2016
-0.759466571730264,0.275617156527442,"Physiology",0,1,0,1,"Tsai et al., 2016, Study 1","1",2016
0.454386615581913,0.270217057228697,"Behavior",0,1,0,1,"Tsai et al., 2016, Study 1","1",2016
0.0481284880589003,0.246815150043237,"Behavior",0,1,0,1,"Tsai et al., 2016, Study 1","1",2016
0.394427086756914,0.267931792943857,"Self-Reports",0,1,0,1,"Tsai et al., 2016, Study 1","1",2016
0.313893007044947,0.265227398767579,"Self-Reports",0,1,0,1,"Tsai et al., 2016, Study 1","1",2016
0.186827622251864,0.160425844508019,"Self-Reports",0,1,1,0,"Veenstra et al., 2016, Study 1","1",2016
0.237131634205839,0.096576705195533,"Self-Reports",0,1,1,0,"Veenstra et al., 2016, Study 1","1",2016
0.439209333541257,0.165595986536043,"Self-Reports",0,1,1,0,"Veenstra et al., 2016, Study 1","1",2016
0.416143701337239,0.187205224950394,"Self-Reports",0,1,1,0,"Veenstra et al., 2016, Study 2","2",2016
0.0781459034011516,0.171210890754515,"Self-Reports",0,1,1,0,"Veenstra et al., 2016, Study 2","2",2016
0.418350385870185,0.216795824121347,"Self-Reports",0,1,0,0,"Welker et al., 2013, Study 1","1",2013
0.199308907589432,0.189611033327008,"Self-Reports",0,1,0,0,"Welker et al., 2013, Study 1","1",2013
-0.283093053735256,0.230466333352172,"Self-Reports",0,1,0,0,"Welker et al., 2013, Study 2","2",2013
0.105923721565291,0.20944179078034,"Self-Reports",0,1,0,0,"Welker et al., 2013, Study 2","2",2013
0.617435541087084,0.42175385045754,"Self-Reports",0,1,0,0,"Wilson & Peper, 2004, Study 1","1",2004
0.0890181818181818,0.23070334621421,"Behavior",0,0,1,0,"Cesario & Johnson, 2017, Study 3","3",2017
0.141869027374091,0.237430409107934,"Behavior",0,0,1,0,"Cesario & Johnson, 2017, Study 3","3",2017
0.457991266375546,0.234070087157443,"Behavior",0,0,1,0,"Cesario & Johnson, 2017, Study 4","4",2017
0.82002245954736,0.248802214663632,"Self-Reports",0,0,1,0,"Cesario & Johnson, 2017, Study 3","3",2017
0.497950508469066,0.153219600562464,"Self-Reports",0,0,1,0,"Cesario & Johnson, 2017, Study 4","4",2017
1.0819137820505,0.234871689993975,"Self-Reports",0,0,0,0,"Duffy & Feist, 2016, Study 1","1",2016
0.288192926045016,0.110343684852772,"Self-Reports",0,0,0,0,"Duffy & Feist, 2016, Study 1","1",2016
0.32686530007176,0.113421095912872,"Self-Reports",0,0,1,0,"Fuller & Montgomery, 2015, Study 1","1",2015
0.166113572609722,0.300665338634634,"Self-Reports",0,0,1,0,"Golec de Zavala et al., 2017, Study 1","1",2017
0.51125964785556,0.220037199910426,"Behavior",0,0,1,0,"Huang et al., 2011, Study 2","2",2011
0.621487007432149,0.286841394159671,"Behavior",0,0,1,0,"Huang et al., 2011, Study 3","3",2011
0.473969976703059,0.203988378415531,"Self-Reports",0,0,1,0,"Huang et al., 2011, Study 1","1",2011
0.275505661751205,0.19580564985107,"Self-Reports",0,0,1,0,"Huang et al., 2011, Study 2","2",2011
0.586506910951119,0.260211847727405,"Self-Reports",0,0,1,0,"Jackson et al., 2017, Study 1","1",2017
0.102816670213415,0.171415869085896,"Self-Reports",1,0,1,0,"Jackson et al., 2017, Study 2","2",2017
0.418707928877009,0.177191450068141,"Self-Reports",0,0,0,0,"Klenner et al., 2016, Study 1","1",2016
1.77372797436178,0.206222154842882,"Self-Reports",0,0,0,0,"Klenner et al., 2016, Study 1","1",2016
0.303786091479122,0.174309116423658,"Self-Reports",0,0,0,0,"Klenner et al., 2016, Study 1","1",2016
0.683228754494229,0.243182316043172,"Self-Reports",0,0,1,0,"Körner et al., 2019, Study 1","1",2019
0.413356863683387,0.202622278038797,"Self-Reports",0,0,1,0,"Körner et al., 2019, Study 3","3",2019
0.420462134918102,0.202990349663077,"Self-Reports",0,0,1,0,"Körner et al., 2019, Study 3","3",2019
0.338140511448796,0.164926789811867,"Self-Reports",1,0,0,0,"Körner et al., 2020, Study 1","1",2020
0.595814516339828,0.274992501023675,"Self-Reports",0,0,1,0,"Lee & Schnall, 2014, Study 2","2",2014
0.736504009145335,0.28199361932028,"Behavior",0,0,1,0,"Park et al., 2013, Study 4","4",2013
0.48678741448481,0.147366546394756,"Self-Reports",0,0,1,0,"Park et al., 2013, Study 2a","2a",2013
0.64774047805205,0.224763640776987,"Self-Reports",0,0,1,0,"Park et al., 2013, Study 2b","2b",2013
0.470122330167376,0.232705954856562,"Self-Reports",0,0,1,0,"Park et al., 2013, Study 3","3",2013
-0.390596838382288,0.373711094722684,"Self-Reports",0,0,1,1,"Park et al., 2013, Study 3","3",2013
1.20750680400783,0.343749783426995,"Self-Reports",0,0,1,0,"Rotella & Richeson, 2013, Study 1","1",2013
0.389488534919642,0.319582719206895,"Self-Reports",0,0,1,0,"Rotella & Richeson, 2013, Study 1","1",2013
1.25793370457073,0.356181266560624,"Self-Reports",0,0,1,0,"Rotella & Richeson, 2013, Study 1","1",2013
0.798599281819492,0.329003169417603,"Self-Reports",0,0,1,0,"Rotella & Richeson, 2013, Study 1","1",2013
0.838587276971032,0.32564913787107,"Self-Reports",0,0,1,0,"Rotella & Richeson, 2013, Study 1","1",2013
0.561721180461401,0.218739503983471,"Self-Reports",0,0,1,0,"Rotella & Richeson, 2013, Study 2","2",2013
0.233781579794405,0.217504759714595,"Self-Reports",0,0,1,0,"Strelan et al., 2014, Study 3","3",2014
0.462756465790915,0.230394143098509,"Self-Reports",0,0,1,0,"Abele & Yzerbyt, 2020, Study 1","1",2020
0.118733654439093,0.181615320553355,"Self-Reports",0,0,1,0,"Abele & Yzerbyt, 2020, Study 1","1",2020
1.03409967476028,0.254733574945587,"Self-Reports",0,0,1,0,"Abele & Yzerbyt, 2020, Study 2","2",2020
-0.429637218487613,0.236457481835563,"Self-Reports",0,0,1,0,"Abele & Yzerbyt, 2020, Study 2","2",2020
0.178810542057962,0.213928540452151,"Self-Reports",0,0,0,0,"Michinov & Michinov, 2020, Study 5","5",2020
0.0307473796632026,0.117956918375156,"Behavior",0,0,1,0,"Peña & Chen, 2017b, Study 1","1",2017
0.0988111557222671,0.123453813427787,"Behavior",0,0,1,0,"Peña & Chen, 2017b, Study 1","1",2017
0.224588343280723,0.117681667721068,"Self-Reports",0,0,1,0,"Peña & Chen, 2017b, Study 1","1",2017
-0.366997799301925,0.164397340164062,"Behavior",0,0,1,0,"Metzler et al., 2020, Study 1","1",2020
0.224557615348375,0.197256942241493,"Behavior",0,0,1,0,"Metzler et al., 2020, Study 1","1",2020
0.355431839684527,0.173360571511918,"Physiology",0,1,0,1,"Albarrati et al., 2018, Study 1","1",2018
-0.122539110708412,0.037096615495894,"Physiology",0,1,0,1,"Alghadir et al., 2017, Study 1","1",2017
-0.0854840306287283,0.524248956781964,"Self-Reports",0,0,0,0,"Parkkinen, 2020, Study 1","1",2020
0.436802564705921,0.587823397443014,"Self-Reports",0,0,0,0,"Parkkinen, 2020, Study 1","1",2020
0.959965096586244,0.350369471238446,"Self-Reports",0,0,0,0,"Turner & Stanley, 2018, Study 1","1",2018
-0.30497503781365,0.379821312780327,"Self-Reports",0,0,0,0,"Turner & Stanley, 2018, Study 1","1",2018
0.346818421209032,0.299036511078425,"Self-Reports",0,0,1,0,"Miragall et al., 2018b, Study 1","1",2018
-0.346818421209032,0.26779912068084,"Self-Reports",0,0,1,0,"Miragall et al., 2018b, Study 1","1",2018
0.346818421209032,0.284342262343437,"Self-Reports",0,0,1,0,"Miragall et al., 2018b, Study 1","1",2018
0.581538506136525,0.278362497772018,"Self-Reports",0,0,1,0,"Miragall et al., 2018b, Study 1","1",2018
-0.281727574750831,0.293142212272382,"Self-Reports",0,0,1,0,"Miragall et al., 2018b, Study 1","1",2018
0.252427906976744,0.179578559126939,"Self-Reports",0,0,1,0,"Miragall et al., 2018b, Study 1","1",2018
0.470905115384332,0.26561757659268,"Self-Reports",0,0,1,0,"Miragall et al., 2018b, Study 1","1",2018
2.39570104386998,0.534464818704516,"Self-Reports",0,0,0,0,"Giesen & Kanis, 2019, Study 1","1",2019
0.555829044528977,0.222163701483853,"Self-Reports",1,0,1,0,"Giesen & Kanis, 2019, Study 2","2",2019
0.0887108989942592,0.196171735393971,"Behavior",1,0,1,0,"Giesen & Kanis, 2019, Study 2","2",2019
-0.419229806176927,0.360853757729294,"Self-Reports",0,0,1,0,"Jewiss et al., 2016, Study 1","1",2016
-0.120795028898437,0.341251116086068,"Self-Reports",0,0,1,0,"Jewiss et al., 2016, Study 1","1",2016
0.628844709265391,0.368541087213267,"Physiology",0,0,1,0,"Jewiss et al., 2016, Study 1","1",2016
-0.774509302937035,0.385652801849592,"Self-Reports",0,0,1,0,"Jewiss et al., 2016, Study 1","1",2016
0.977018616090296,0.381051883002762,"Behavior",0,0,1,0,"Jewiss et al., 2016, Study 1","1",2016
0.258256032368763,0.214273810064556,"Behavior",0,0,1,0,"van Wijnen, 2017, Study 1","1",2017
0.468099380358834,0.320688538391715,"Self-Reports",0,1,0,0,"Jones et al., 2016, Study 1","1",2016
0.34301738624143,0.316985317462427,"Self-Reports",0,1,0,0,"Jones et al., 2016, Study 1","1",2016
-0.279211213491972,0.313265563007118,"Self-Reports",0,1,0,0,"Jones et al., 2016, Study 1","1",2016
0.11884863917953,0.305606718306023,"Self-Reports",0,1,0,0,"Jones et al., 2016, Study 1","1",2016
-0.100445433071274,0.303595593230373,"Self-Reports",0,1,0,0,"Jones et al., 2016, Study 1","1",2016
-0.0790828842588895,0.332030706201392,"Self-Reports",0,0,0,0,"Southworth, 2018, Study 1","1",2018
0.36667048908872,0.353395858120401,"Self-Reports",0,0,0,0,"Southworth, 2018, Study 1","1",2018
0.131714314984042,0.183763442233168,"Self-Reports",0,1,1,0,"Flores-Cruz, 2020, Study 1","1",2020
0.190880126393795,0.679091681300465,"Self-Reports",0,0,1,0,"Muntean et al., 2021, Study 1","1",2021
0.141006551975443,0.943140723902559,"Self-Reports",0,0,1,0,"Muntean et al., 2021, Study 1","1",2021
0.332425314261974,0.457769093584859,"Self-Reports",0,1,1,0,"Tsibiktoglou, 2011, Study 1","1",2011
0.38918918918919,0.323590523903245,"Self-Reports",0,1,1,0,"Tsibiktoglou, 2011, Study 1","1",2011
0.490344827586207,0.1995,"Self-Reports",0,1,1,0,"Awad et al., 2021, Study 1","1",2021
0.676742932963015,0.419018534828001,"Self-Reports",0,0,1,0,"Cogan, 2018, Study 1","1",2018
-0.258770898285319,0.391237584825938,"Self-Reports",0,0,1,0,"Cogan, 2018, Study 1","1",2018
0.0790274861230086,0.372611504117623,"Self-Reports",0,0,1,0,"Cogan, 2018, Study 1","1",2018
0.204704886765245,0.386638685675014,"Self-Reports",0,0,1,0,"Cogan, 2018, Study 1","1",2018
0.16960244685529,0.413573800350081,"Physiology",0,0,1,0,"Cogan, 2018, Study 1","1",2018
-0.245184381535001,0.452506963949875,"Physiology",0,0,1,0,"Cogan, 2018, Study 1","1",2018
-0.264742601141514,0.267923050464488,"Physiology",0,0,0,0,"Marshall, 2020, Study 1","1",2020
-0.175834244557004,0.296841181909706,"Physiology",0,0,0,0,"Marshall, 2020, Study 1","1",2020
0.0906571570765155,0.288003819256917,"Self-Reports",0,0,0,0,"Marshall, 2020, Study 1","1",2020
0.0646702702258715,0.289932721209248,"Self-Reports",0,0,0,0,"Marshall, 2020, Study 1","1",2020
-0.0626107779924131,0.309305561111306,"Self-Reports",0,0,0,0,"Marshall, 2020, Study 1","1",2020
0.119976899406555,0.287139418311247,"Behavior",0,0,0,0,"Marshall, 2020, Study 1","1",2020
0.920810374465706,0.146117005348861,"Self-Reports",0,0,1,0,"Toscano, 2014, Study 1","1",2014
0.709498716663605,0.228240311626832,"Self-Reports",0,0,1,0,"Toscano, 2014, Study 2","2",2014
0.176548108195571,0.245074897968891,"Self-Reports",0,0,0,0,"Dantzler, 2016, Study 1","1",2016
0.528395565125982,0.27488623603535,"Self-Reports",0,1,1,0,"Cerutti, 2016, Study 1","1",2016
0.0268221099048722,0.24761326022524,"Self-Reports",0,1,1,0,"Cerutti, 2016, Study 1","1",2016
0.372842638010117,0.201331371293284,"Self-Reports",0,0,0,0,"Schweizer et al., 2016-2018, Study 1","1",20162018
0.025802691928546,0.183279880616993,"Behavior",0,0,0,0,"Schweizer et al., 2016-2018, Study 1","1",20162018
0.641053086301479,0.231348687814667,"Self-Reports",1,0,0,0,"Schweizer et al., 2016-2018, Study 2","2",20162018
0.177872774997578,0.224531330557893,"Behavior",1,0,0,0,"Schweizer et al., 2016-2018, Study 2","2",20162018
-0.0359932739017363,0.232083196747864,"Self-Reports",0,0,0,0,"Schweizer et al., 2016-2018, Study 3","3",20162018
0.252922993611903,0.210609575758271,"Behavior",0,0,0,0,"Schweizer et al., 2016-2018, Study 3","3",20162018
-0.244008537741709,0.222453588186483,"Self-Reports",0,0,0,0,"Schweizer et al., 2016-2018, Study 4","4",20162018
0.473169252469184,0.230694980622207,"Behavior",0,0,0,0,"Schweizer et al., 2016-2018, Study 4","4",20162018
0.86900269541779,0.228569585950961,"Self-Reports",0,0,0,0,"Schweizer et al., 2016-2018, Study 5","5",20162018
1.08877319020665,0.235886773358656,"Behavior",0,0,0,0,"Schweizer et al., 2016-2018, Study 5","5",20162018
0.154087701903131,0.204254298912998,"Behavior",1,0,0,0,"Schweizer et al., 2016-2018, Study 6","6",20162018
0.401980845427762,0.262988970189716,"Physiology",0,0,1,0,"Nault et al., 2017, Study 1","1",2017
0.285021429240167,0.259809061111845,"Physiology",0,0,1,0,"Nault et al., 2017, Study 1","1",2017
0.320533286741885,0.265406439619855,"Physiology",0,0,1,0,"Nault et al., 2017, Study 1","1",2017
0.259430660050116,0.2631311960201,"Physiology",0,0,1,0,"Nault et al., 2017, Study 1","1",2017
0.156181363160879,0.253608864709554,"Physiology",0,0,1,0,"Nault et al., 2017, Study 1","1",2017
-0.0146905980472647,0.237106319174668,"Physiology",0,0,1,0,"Nault et al., 2017, Study 1","1",2017
