"id0","id1","id2","reference","study_no","reference_studyno","dv","dvtype","esg","g","se","vi","nhighlow","nhigh","nlow","ntotal","p_position","pose_posture","coverstory","preregistered","culture","year","include"
1,1,1,"Carney et al. (2010)","1","Carney et al. (2010), Study 1","Testosterone","Physiology",0.708320323690279,0.708320323690279,0.353943721693504,0.125276158126249,39,21,18,42,"1",0,1,0,0,2010,"TRUE"
2,2,1,"Carney et al. (2010)","1","Carney et al. (2010), Study 1","Cortisol","Physiology",0.933121426784024,0.933121426784024,0.360154766266816,0.129711455664705,39,21,18,42,NA,0,1,0,0,2010,"TRUE"
3,3,1,"Carney et al. (2010)","1","Carney et al. (2010), Study 1","Risk taking","Behavior",0.617804382542858,0.617804382542858,0.318477844466621,0.101428137416105,42,22,20,42,NA,0,1,0,0,2010,"TRUE"
4,4,1,"Carney et al. (2010)","1","Carney et al. (2010), Study 1","Power feelings","Self-Reports",0.896342883764267,0.896342883764267,0.308020066972323,0.0948763616576346,42,22,20,42,"2",0,1,0,0,2010,"TRUE"
5,5,2,"Carney et al. (2010)","2","Carney et al. (2010), Study 2","Risk taking","Behavior",0.650978400538694,0.650978400538694,0.296719806129526,0.0880426433495433,49,24,25,49,"2",0,1,0,0,2010,"TRUE"
6,6,2,"Carney et al. (2010)","2","Carney et al. (2010), Study 2","Power feelings","Self-Reports",0.583571166280303,0.583571166280303,0.29147406935984,0.0849571331091848,49,24,25,49,"1",0,1,0,0,2010,"TRUE"
7,7,3,"Davis et al. (2017)","1","Davis et al. (2017), Study 1","Testosterone","Physiology",-0.299139599751178,-0.299139599751178,0.271684196681851,0.0738123027266626,53,26,27,73,"1",0,1,1,0,2017,"TRUE"
8,8,3,"Davis et al. (2017)","1","Davis et al. (2017), Study 1","Cortisol","Physiology",-0.238270530877308,-0.238270530877308,0.269471936302352,0.0726151244545389,53,26,27,73,NA,0,1,1,0,2017,"TRUE"
9,10,3,"Davis et al. (2017)","1","Davis et al. (2017), Study 1","Distress","Self-Reports",0.125433640876574,0.125433640876574,0.262197804824533,0.068747688854804,53,26,27,73,"2",0,1,1,0,2017,"TRUE"
10,11,4,"Deuter et al. (2016)","1","Deuter et al. (2016), Study 1","Testosterone","Physiology",0.0589275500416027,0.0589275500416027,0.248534431370269,0.0617693635765427,56,28,28,56,NA,0,1,0,0,2016,"TRUE"
11,12,4,"Deuter et al. (2016)","1","Deuter et al. (2016), Study 1","Cortisol","Physiology",-0.422473959328557,-0.422473959328557,0.268458479745942,0.0720699553475021,56,28,28,56,"1",0,1,0,0,2016,"TRUE"
12,13,4,"Deuter et al. (2016)","1","Deuter et al. (2016), Study 1","Power feelings (trait)","Self-Reports",-0.0446927971687028,-0.0446927971687028,0.288627067992069,0.0833055843776986,56,29,27,56,"2",0,1,0,0,2016,"TRUE"
13,14,4,"Deuter et al. (2016)","1","Deuter et al. (2016), Study 1","Perceived stress","Self-Reports",-0.39872210608465,-0.39872210608465,0.267319739674207,0.0714598432194855,56,29,27,56,NA,0,1,0,0,2016,"TRUE"
14,15,5,"Ranehill et al. (2015)","1","Ranehill et al. (2015), Study 1","Testosterone","Physiology",-0.199233716475096,-0.199233716475096,0.142264471642852,0.0202391798918199,198,104,94,198,NA,0,0,0,0,2015,"TRUE"
15,16,5,"Ranehill et al. (2015)","1","Ranehill et al. (2015), Study 1","Cortisol","Physiology",-0.15639846743295,-0.15639846743295,0.141413276133823,0.0199977146669008,198,104,94,198,"2",0,0,0,0,2015,"TRUE"
16,17,5,"Ranehill et al. (2015)","1","Ranehill et al. (2015), Study 1","Risk taking","Behavior",-0.175332490518331,-0.175332490518331,0.140862044443814,0.019842115564891,200,105,95,200,NA,0,0,0,0,2015,"TRUE"
17,18,5,"Ranehill et al. (2015)","1","Ranehill et al. (2015), Study 1","Power feelings","Self-Reports",0.342661478599222,0.342661478599222,0.143718215788484,0.0206549255494251,195,98,97,195,"1",0,0,0,0,2015,"TRUE"
18,19,6,"Ronay et al. (2017)","1","Ronay et al. (2017), Study 1","Testosterone","Physiology",-0.176272665994322,-0.176272665994322,0.273544513163617,0.0748266006819204,108,53,55,108,NA,0,1,1,0,2017,"TRUE"
19,20,6,"Ronay et al. (2017)","1","Ronay et al. (2017), Study 1","Cortisol","Physiology",0.255909887737139,0.255909887737139,1.35069884703196,1.82438737537347,108,53,55,108,NA,0,1,1,0,2017,"TRUE"
20,21,6,"Ronay et al. (2017)","1","Ronay et al. (2017), Study 1","Risk taking","Behavior",0.0755284866319155,0.0755284866319155,0.0626338362189983,0.0039229974395083,108,53,55,108,NA,0,1,1,0,2017,"TRUE"
21,22,6,"Ronay et al. (2017)","1","Ronay et al. (2017), Study 1","Overconfidence","Behavior",0.286466688492266,0.286466688492266,0.542850747323029,0.294686933869171,108,53,55,108,"2",0,1,1,0,2017,"TRUE"
22,23,6,"Ronay et al. (2017)","1","Ronay et al. (2017), Study 1","Power feelings","Self-Reports",0.216332884719711,0.216332884719711,0.187005823233241,0.0349711779231423,108,53,55,108,"1",0,1,1,0,2017,"TRUE"
23,24,7,"Smith & Apicella (2017)","1","Smith & Apicella (2017), Study 1","Testosterone","Physiology",-0.0793901214633291,-0.0793901214633291,0.152326307067583,0.0232033038248475,160,83,77,247,NA,0,1,0,0,2017,"TRUE"
24,25,7,"Smith & Apicella (2017)","1","Smith & Apicella (2017), Study 1","Cortisol","Physiology",-0.0646944805092717,-0.0646944805092717,0.150343607055126,0.0226032001823462,160,83,77,247,"2",0,1,0,0,2017,"TRUE"
25,26,7,"Smith & Apicella (2017)","1","Smith & Apicella (2017), Study 1","Risk taking","Behavior",0.225636229795279,0.225636229795279,0.157855824989321,0.0249184614830592,160,83,77,247,NA,0,1,0,0,2017,"TRUE"
26,27,7,"Smith & Apicella (2017)","1","Smith & Apicella (2017), Study 1","Power feelings","Self-Reports",0.0927087199981779,0.0927087199981779,0.152917422822494,0.0233837382026734,159,82,77,247,"1",0,1,0,0,2017,"TRUE"
27,28,8,"Turan (2015)","1","Turan (2015), Study 1","Cortisol","Physiology",-0.494873284758094,-0.494873284758094,0.227203392826543,0.0516213817118925,85,43,42,85,"2",0,1,0,0,2015,"TRUE"
28,28,8,"Turan (2015)","1","Turan (2015), Study 1","Cortisol","Physiology",-0.0171971456590983,-0.0171971456590983,0.197315427438926,0.0389333779054061,85,43,42,85,NA,0,1,0,0,2015,"TRUE"
29,29,8,"Turan (2015)","1","Turan (2015), Study 1","State Dominance","Self-Reports",0.423694886261165,0.423694886261165,0.219707898350798,0.0482715605977244,84,42,42,84,"1",0,1,0,0,2015,"TRUE"
30,30,9,"Metzler & Grèzes (2019)","1","Metzler & Grèzes (2019), Study 1","Testosterone","Physiology",-0.0692641898775221,-0.0692641898775221,0.183850179587707,0.033800888534432,75,38,37,82,NA,0,1,0,0,2019,"TRUE"
31,31,9,"Metzler & Grèzes (2019)","1","Metzler & Grèzes (2019), Study 1","Cortisol","Physiology",0.0106645934076532,0.0106645934076532,0.0183761075580216,0.00033768132898398,76,37,39,82,"1",0,1,0,0,2019,"TRUE"
32,32,9,"Metzler & Grèzes (2019)","1","Metzler & Grèzes (2019), Study 1","Progesterone","Physiology",-0.131232154152442,-0.131232154152442,0.0837041778290647,0.00700638938603968,73,38,35,82,NA,0,1,0,0,2019,"TRUE"
33,33,9,"Metzler & Grèzes (2019)","1","Metzler & Grèzes (2019), Study 1","Trait Dominance","Self-Reports",-0.0990476190476191,-0.0990476190476191,0.109262495396578,0.0119382929002873,81,41,40,82,"2",0,1,0,0,2019,"TRUE"
34,34,10,"Laborde et al. (2019)","1","Laborde et al. (2019), Study 1","Cardiac vagal activity","Physiology",0.100375095137511,0.100375095137511,0.182783082517526,0.0334096552546086,112,56,56,56,"1",0,1,0,0,2019,"TRUE"
35,35,10,"Laborde et al. (2019)","1","Laborde et al. (2019), Study 1","Power-Feelings","Self-Reports",1.70739925783337,1.70739925783337,0.218591584336863,0.0477822807429,112,56,56,56,NA,0,1,0,0,2019,"TRUE"
36,36,10,"Laborde et al. (2019)","1","Laborde et al. (2019), Study 1","Perceived stress","Self-Reports",1.07636940104722,1.07636940104722,0.202808175101587,0.0411311558880361,112,56,56,56,"2",0,1,0,0,2019,"TRUE"
37,37,11,"Saggese et al. (2018)","1","Saggese et al. (2018), Study 1","Skin conductance","Physiology",0.940698565597187,0.940698565597187,0.302953415181585,0.0917807717701858,49,25,24,49,"1",0,1,0,0,2018,"TRUE"
38,38,11,"Saggese et al. (2018)","1","Saggese et al. (2018), Study 1","Risk taking","Behavior",0.651350539870139,0.651350539870139,0.296583230363505,0.0879616125328521,49,25,24,49,NA,0,1,0,0,2018,"TRUE"
39,39,11,"Saggese et al. (2018)","1","Saggese et al. (2018), Study 1","Power feelings","Self-Reports",0.643353190547089,0.643353190547089,0.291080740488865,0.084727997483546,49,25,24,49,"2",0,1,0,0,2018,"TRUE"
40,40,11,"Saggese et al. (2018)","1","Saggese et al. (2018), Study 1","Positive emotions","Self-Reports",0.308604102797435,0.308604102797435,0.282544210590822,0.0798312309383905,49,25,24,49,NA,0,1,0,0,2018,"TRUE"
41,41,12,"Ge et al. (2017)","1","Ge et al. (2017), Study 1","Pain threshold","Physiology",NA,NA,NA,NA,31,16,15,31,"2",0,0,0,0,2017,"FALSE"
42,42,12,"Ge et al. (2017)","1","Ge et al. (2017), Study 1","Grip Strength","Physiology",NA,NA,NA,NA,31,16,15,31,"1",0,0,0,0,2017,"FALSE"
43,46,14,"Cesario & McDonald (2013)","1","Cesario & McDonald (2013), Study 1","Risk taking","Behavior",-0.196409404040411,-0.196409404040411,0.09579796386554,0.0091772498807833,72,40,32,209,"3",0,1,0,0,2013,"TRUE"
44,47,15,"Cesario & McDonald (2013)","1","Cesario & McDonald (2013), Study 1","Risk taking","Behavior",0.290862170337212,0.290862170337212,0.147346847991221,0.0217110936129479,91,46,45,209,"3",0,1,0,0,2013,"TRUE"
45,48,16,"Cesario & McDonald (2013)","2","Cesario & McDonald (2013), Study 2","Risk taking","Behavior",0.098595926175256,0.098595926175256,0.213008589821357,0.0453726593376831,81,43,38,155,"3",0,1,0,0,2013,"TRUE"
46,49,17,"Cesario & McDonald (2013)","2","Cesario & McDonald (2013), Study 2","Risk taking","Behavior",0.0646728701687394,0.0646728701687394,0.216062951909063,0.0466831991876582,76,40,36,155,"3",0,1,0,0,2013,"TRUE"
47,50,18,"Chen et al. (2019)","1","Chen et al. (2019), Study 1","Risk taking","Behavior",0.231932850853971,0.231932850853971,0.25541021092287,0.0652343758436652,58,29,29,58,"3",0,1,0,1,2019,"TRUE"
48,51,19,"Chen et al. (2019)","2","Chen et al. (2019), Study 2","Risk taking","Behavior",-0.138450184501845,-0.138450184501845,0.236593635309253,0.0559765482688479,70,35,35,70,"1",0,1,1,1,2019,"TRUE"
49,52,19,"Chen et al. (2019)","2","Chen et al. (2019), Study 2","Power feelings","Self-Reports",NA,NA,NA,NA,70,35,35,70,"2",0,1,1,1,2019,"FALSE"
50,53,20,"Keller et al. (2017)","1","Keller et al. (2017), Study 1","Risk taking","Behavior",0.128717053804043,0.128717053804043,0.167762023036886,0.0281440963734288,136,67,69,279,NA,0,0,1,0,2017,"TRUE"
51,54,21,"Keller et al. (2017)","1","Keller et al. (2017), Study 1","Risk taking","Behavior",0.169816508322289,0.169816508322289,0.167346476551662,0.0280048432142561,140,71,69,279,"2",0,1,1,0,2017,"TRUE"
52,55,20,"Keller et al. (2017)","1","Keller et al. (2017), Study 1","Power feelings","Self-Reports",0.295051218982377,0.295051218982377,0.175343329321859,0.0307452831376738,131,65,66,279,"1",0,0,1,0,2017,"TRUE"
53,56,21,"Keller et al. (2017)","1","Keller et al. (2017), Study 1","Power feelings","Self-Reports",0.0286867828304291,0.0286867828304291,0.157744336888782,0.0248832758204816,138,70,68,279,NA,0,1,1,0,2017,"TRUE"
54,57,22,"Bombari et al. (2017)","1","Bombari et al. (2017), Study 1","Risk taking","Behavior",0.0797644087995491,0.0797644087995491,0.155313030255773,0.0241221373672306,200,99,101,200,"1",0,1,1,0,2017,"TRUE"
55,58,22,"Bombari et al. (2017)","1","Bombari et al. (2017), Study 1","Power feelings","Self-Reports",0.279678063820421,0.279678063820421,0.141044555750233,0.0198935667067806,200,99,101,200,"2",0,1,1,0,2017,"TRUE"
56,59,23,"Jansen & Hornbæk (2018)","2","Jansen & Hornbæk (2018), Study 2","Risk taking","Behavior",0.0267878699408746,0.0267878699408746,0.20694008090606,0.0428241970854065,80,40,40,80,"3",0,1,0,0,2018,"TRUE"
57,60,24,"Jansen & Hornbæk (2018)","1","Jansen & Hornbæk (2018), Study 1","Power feelings","Self-Reports",0.371557115846548,0.371557115846548,0.298508820647362,0.0891075160042786,44,22,22,44,"1",0,1,0,0,2018,"TRUE"
58,61,24,"Jansen & Hornbæk (2018)","1","Jansen & Hornbæk (2018), Study 1","Feeling in charge","Self-Reports",0,0,NA,NA,44,22,22,44,"2",0,1,0,0,2018,"FALSE"
59,62,25,"Garrison et al. (2016)","1","Garrison et al. (2016), Study 1","Risk taking","Behavior",-0.220247881218254,-0.220247881218254,0.29,0.0841,305,147,158,305,"1",0,1,1,0,2016,"TRUE"
60,63,25,"Garrison et al. (2016)","1","Garrison et al. (2016), Study 1","Ultimatum game - Composite Score","Behavior",0.0207938908998333,0.0207938908998333,0.110342762229259,0.0121755251763827,284,137,147,305,"2",0,1,1,0,2016,"TRUE"
61,63,25,"Garrison et al. (2016)","1","Garrison et al. (2016), Study 1","Ultimatum game - Reject a low offer","Behavior",-0.0696674460655514,-0.0696674460655514,0.24,0.0576,286,138,148,305,NA,0,1,1,0,2016,"TRUE"
62,64,25,"Garrison et al. (2016)","1","Garrison et al. (2016), Study 1","Power feelings","Self-Reports",-0.25506822634986,-0.25506822634986,0.1162616065444,0.0135167611562849,305,147,158,305,NA,0,1,1,0,2016,"TRUE"
63,65,25,"Garrison et al. (2016)","1","Garrison et al. (2016), Study 1","Feeling in charge","Self-Reports",-0.119634201749006,-0.119634201749006,0.110831982614235,0.012283728370202,305,147,158,305,NA,0,1,1,0,2016,"TRUE"
64,66,26,"Allen et al. (2013)","1","Allen et al. (2013), Study 1","Restrained eating","Behavior",-0.035604252744646,-0.035604252744646,0.218636187524753,0.0478017824953592,66,33,33,97,"3",0,1,0,0,2013,"TRUE"
65,67,27,"Yap et al. (2013)","1","Yap et al. (2013), Study 1","Taking an overpayment","Behavior",0.890137128880478,0.890137128880478,0.239373619896421,0.0572997299023161,78,39,39,88,"3",0,1,0,0,2013,"TRUE"
66,68,28,"Yap et al. (2013)","2","Yap et al. (2013), Study 2","Cheating","Behavior",0.711137523127069,0.711137523127069,0.363448026720208,0.132094468126813,30,15,15,30,"3",0,1,0,0,2013,"TRUE"
67,69,29,"Yap et al. (2013)","3","Yap et al. (2013), Study 3","Traffic violations","Behavior",0.518171575292017,0.518171575292017,0.26012918062286,0.0676671906115206,69,36,33,69,"1",0,1,0,0,2013,"TRUE"
68,70,29,"Yap et al. (2013)","3","Yap et al. (2013), Study 3","Power feelings","Self-Reports",0.488045683672824,0.488045683672824,0.246126513102764,0.0605782604521249,69,36,33,69,"2",0,1,0,0,2013,"TRUE"
69,76,33,"Tiedens & Fragale (2003)","2","Tiedens & Fragale (2003), Study 2","Comfort in interaction","Self-Reports",-0.629034901863344,-0.629034901863344,0.324550004998439,0.105332705744486,39,20,19,74,NA,0,1,0,0,2003,"TRUE"
70,77,34,"Tiedens & Fragale (2003)","2","Tiedens & Fragale (2003), Study 2","Comfort in interaction","Self-Reports",0.403666853166679,0.403666853166679,0.323854872539692,0.1048819784677,35,16,19,74,"2",0,1,0,NA,2003,"TRUE"
71,78,33,"Tiedens & Fragale (2003)","2","Tiedens & Fragale (2003), Study 2","Liking of interaction partner","Self-Reports",-0.552710675011015,-0.552710675011015,0.321910816834606,0.103626573995123,39,20,19,74,"1",0,1,0,0,2003,"TRUE"
72,79,34,"Tiedens & Fragale (2003)","2","Tiedens & Fragale (2003), Study 2","Liking of interaction partner","Self-Reports",0.372012638892986,0.372012638892986,0.33598395821284,0.112885220176368,35,16,19,74,NA,0,1,0,0,2003,"TRUE"
73,80,35,"Jamnik & Žvelc (2018)","1","Jamnik & Žvelc (2018), Study 1","Visual dominance behavior","Behavior",NA,NA,NA,NA,0,11,0,22,"1",0,1,0,0,2018,"only exploratory"
74,80,35,"Jamnik & Žvelc (2018)","1","Jamnik & Žvelc (2018), Study 1","Visual dominance behavior","Behavior",NA,NA,NA,NA,0,11,0,22,"2",0,1,0,0,2018,"only exploratory"
75,81,36,"Chadwick et al. (2019)","2","Chadwick et al. (2019), Study 2","Performance: Accuracy","Behavior",0,0,NA,NA,44,23,21,44,"1",0,1,0,0,2019,"FALSE"
76,81,36,"Chadwick et al. (2019)","2","Chadwick et al. (2019), Study 2","Performance: Accuracy","Behavior",0.669144692182973,0.669144692182973,0.267554070348045,0.0715851805598066,44,23,21,44,NA,0,1,0,0,2019,"TRUE"
77,81,36,"Chadwick et al. (2019)","2","Chadwick et al. (2019), Study 2","Performance: Accuracy","Behavior",0.197396648745522,0.197396648745522,0.430905165089643,0.185679261300933,44,21,23,44,NA,0,1,0,0,2019,"TRUE"
78,81,36,"Chadwick et al. (2019)","2","Chadwick et al. (2019), Study 2","Performance: Accuracy","Behavior",0.395665316491148,0.395665316491148,0.311334437218888,0.0969291317984018,44,21,23,44,NA,0,1,0,0,2019,"TRUE"
79,82,36,"Chadwick et al. (2019)","2","Chadwick et al. (2019), Study 2","Performance: RT","Behavior",0.197396648745522,0.197396648745522,0.462198180088241,0.213627157676882,44,23,21,44,NA,0,1,0,0,2019,"TRUE"
80,82,36,"Chadwick et al. (2019)","2","Chadwick et al. (2019), Study 2","Performance: RT","Behavior",0.234036143412014,0.234036143412014,0.406844978255575,0.16552283633178,44,21,23,44,NA,0,1,0,0,2019,"TRUE"
81,83,36,"Chadwick et al. (2019)","2","Chadwick et al. (2019), Study 2","Power feelings","Self-Reports",0.273337784099935,0.273337784099935,0.294422244631036,0.0866844581335777,44,22,22,44,NA,0,1,0,0,2019,"TRUE"
82,83,36,"Chadwick et al. (2019)","2","Chadwick et al. (2019), Study 2","Power feelings","Self-Reports",0.124467996510197,0.124467996510197,0.291325883232307,0.0848707702410838,44,22,22,44,"2",0,1,0,0,2019,"TRUE"
83,84,37,"Cuddy et al. (2015)","1","Cuddy et al. (2015), Study 1","Power feelings","Self-Reports",0.456463051933196,0.456463051933196,0.257592009426161,0.0663536433202072,61,31,30,61,"3",0,1,0,0,2015,"TRUE"
84,85,38,"Klaschinski et al. (2017)","1","Klaschinski et al. (2017), Study 1","Power feelings","Self-Reports",0.312571578309304,0.312571578309304,0.121381122507706,0.0147333769012308,200,101,99,200,"3",0,1,1,0,2017,"TRUE"
85,86,39,"Fischer et al. (2011)","2","Fischer et al. (2011), Study 2","Power feelings","Self-Reports",0.873182463472883,0.873182463472883,0.339083508947518,0.114977626040161,36,18,18,36,"1",0,0,0,0,2011,"TRUE"
86,87,39,"Fischer et al. (2011)","2","Fischer et al. (2011), Study 2","Confirmatory information processing","Self-Reports",0.709536112253589,0.709536112253589,0.323410757554418,0.104594518101922,36,18,18,36,"2",0,0,0,0,2011,"TRUE"
87,88,40,"Teh et al. (2017)","1","Teh et al. (2017), Study 1","Power feelings","Self-Reports",0.744490973655291,0.744490973655291,0.289108659744207,0.0835838171390917,60,30,30,60,"1",0,1,0,1,2017,"TRUE"
88,89,40,"Teh et al. (2017)","1","Teh et al. (2017), Study 1","Ease of use","Self-Reports",0.879022045305379,0.879022045305379,0.267602521401292,0.0716111094603291,60,30,30,60,NA,0,1,0,1,2017,"TRUE"
89,90,40,"Teh et al. (2017)","1","Teh et al. (2017), Study 1","Perceived usefulness","Self-Reports",0.625712059024398,0.625712059024398,0.269295513532906,0.0725200736089517,60,30,30,60,NA,0,1,0,1,2017,"TRUE"
90,91,40,"Teh et al. (2017)","1","Teh et al. (2017), Study 1","Intentions to use gerontechnology","Self-Reports",0.610755449363861,0.610755449363861,0.262858450636075,0.069094565070798,60,30,30,60,"2",0,1,0,1,2017,"TRUE"
91,92,41,"Peña & Chen (2017a)","1","Peña & Chen (2017a), Study 1","Power feelings","Self-Reports",0.300169805142927,0.300169805142927,0.140604502469624,0.0197696261147305,209,113,96,209,"1",0,1,0,0,2017,"TRUE"
92,93,41,"Peña & Chen (2017a)","1","Peña & Chen (2017a), Study 1","Enjoyment","Self-Reports",0.443390218188656,0.443390218188656,0.143113752392185,0.0204815461237718,209,113,96,209,NA,0,1,0,0,2017,"TRUE"
93,94,41,"Peña & Chen (2017a)","1","Peña & Chen (2017a), Study 1","Presence","Self-Reports",0.307359645603042,0.307359645603042,0.139627053131351,0.0194957139661452,209,113,96,209,NA,0,1,0,0,2017,"TRUE"
94,95,41,"Peña & Chen (2017a)","1","Peña & Chen (2017a), Study 1","Controller responsiveness","Self-Reports",0.296865564908178,0.296865564908178,0.0958197614814278,0.00918142669035771,209,113,96,209,NA,0,1,0,0,2017,"TRUE"
95,96,41,"Peña & Chen (2017a)","1","Peña & Chen (2017a), Study 1","Arousal","Self-Reports",0.12135583039341,0.12135583039341,0.136216129933654,0.018554834054102,209,113,96,209,"2",0,1,0,0,2017,"TRUE"
96,97,42,"Latu et al. (2017)","1","Latu et al. (2017), Study 1","Power feelings","Self-Reports",0.145499654603753,0.145499654603753,0.133708944413432,0.0178780818161543,200,100,100,200,NA,0,1,1,0,2017,"TRUE"
97,98,42,"Latu et al. (2017)","1","Latu et al. (2017), Study 1","Persuasion","Self-Reports",0.176802068634548,0.176802068634548,0.13663009734904,0.0186677835016081,200,100,100,200,"1",0,1,1,0,2017,"TRUE"
98,99,42,"Latu et al. (2017)","1","Latu et al. (2017), Study 1","Thought confidence","Self-Reports",-0.00811279802207881,-0.00811279802207881,0.147145022422485,0.0216516576237138,200,100,100,200,NA,0,1,1,0,2017,"TRUE"
99,100,42,"Latu et al. (2017)","1","Latu et al. (2017), Study 1","Openness regarding arguments","Self-Reports",-0.108540986870237,-0.108540986870237,0.138053787151307,0.0190588481468183,200,100,100,200,"2",0,1,1,0,2017,"TRUE"
100,101,43,"Rossberg-Gempton & Poole (1993)","1","Rossberg-Gempton & Poole (1993), Study 1","Negative emotions","Self-Reports",1.43912819868671,1.43912819868671,0.454340276199718,0.206425086577236,24,24,24,24,"3",0,0,0,0,1993,"TRUE"
101,102,44,"Miragall et al. (2018a)","1","Miragall et al. (2018a), Study 1","Positive emotions","Self-Reports",0.575017499212938,0.575017499212938,0.209146653359111,0.0437423226113162,68,34,34,68,"1",0,1,0,0,2018,"TRUE"
102,103,44,"Miragall et al. (2018a)","1","Miragall et al. (2018a), Study 1","Negative emotions","Self-Reports",0.416605820903002,0.416605820903002,0.679539739784945,0.461774257946991,68,34,34,68,NA,0,1,0,0,2018,"TRUE"
103,104,44,"Miragall et al. (2018a)","1","Miragall et al. (2018a), Study 1","Body image","Self-Reports",0.164765525982256,0.164765525982256,0.189731690940452,0.0359981145471232,68,34,34,68,NA,0,1,0,0,2018,"TRUE"
104,105,44,"Miragall et al. (2018a)","1","Miragall et al. (2018a), Study 1","Body- and eating-related negative thoughts","Self-Reports",0.216486796237788,0.216486796237788,0.237919374271613,0.0566056286537957,68,34,34,68,NA,0,1,0,0,2018,"TRUE"
105,106,44,"Miragall et al. (2018a)","1","Miragall et al. (2018a), Study 1","Appraisal of the person’s own body description","Self-Reports",0.213962707144684,0.213962707144684,0.246886890600039,0.0609531367501558,68,34,34,68,"2",0,1,0,0,2018,"TRUE"
106,107,45,"Arnette & Pettijon II, 2012","1","Arnette & Pettijon II, 2012, Study 1","choice of leader seating","Self-Reports",1.00333270352494,1.00333270352494,0.323847261867547,0.104877049019107,42,21,21,42,"3",1,0,0,0,2012,"TRUE"
108,108,46,"Brinol et al., 2009","1","Brinol et al., 2009, Study 1","attitude toward self as potential professional","Self-Reports",-0.113482323943662,-0.113482323943662,0.786131722814651,0.115349837900631,71,36,35,71,NA,1,1,0,0,2009,"TRUE"
109,109,46,"Brinol et al., 2009","1","Brinol et al., 2009, Study 1","thought confidence","Self-Reports",0.791746817598426,0.791746817598426,0.243863578672601,0.0594694450030076,71,36,35,71,"2",1,1,0,0,2009,"TRUE"
110,110,46,"Brinol et al., 2009","1","Brinol et al., 2009, Study 1","mood","Self-Reports",NA,NA,NA,NA,71,36,35,71,NA,1,1,0,0,2009,"FALSE"
111,111,46,"Brinol et al., 2009","1","Brinol et al., 2009, Study 1","task difficulty","Self-Reports",NA,NA,NA,NA,71,36,35,71,NA,1,1,0,0,2009,"FALSE"
112,112,47,"Brinol et al., 2009","2","Brinol et al., 2009, Study 2","time to list personal traits","Behavior",0.350701543634709,0.350701543634709,0.369483018039543,0.136517700619609,28,14,14,28,"3",1,0,0,0,2009,"TRUE"
113,113,48,"Ceunen et al., 2014","1","Ceunen et al., 2014, Study 1","valence","Self-Reports",0.387361447634563,0.387361447634563,0.23645638610603,0.0559116225303238,36,36,36,36,NA,1,0,0,0,2014,"TRUE"
114,114,48,"Ceunen et al., 2014","1","Ceunen et al., 2014, Study 1","arousal","Self-Reports",-0.173961849482702,-0.173961849482702,0.229963290129571,0.052883114807217,36,36,36,36,NA,1,0,0,0,2014,"TRUE"
115,115,48,"Ceunen et al., 2014","1","Ceunen et al., 2014, Study 1","dominance","Self-Reports",0.203949275850436,0.203949275850436,0.231420377127916,0.0535553909500271,36,36,36,36,NA,1,0,0,0,2014,"TRUE"
116,116,48,"Ceunen et al., 2014","1","Ceunen et al., 2014, Study 1","positive affect","Self-Reports",0.178596873020927,0.178596873020927,0.076864966787649,0.00590822311926638,36,36,36,36,NA,1,0,0,0,2014,"TRUE"
117,117,48,"Ceunen et al., 2014","1","Ceunen et al., 2014, Study 1","negative affect","Self-Reports",-0.127604985582088,-0.127604985582088,0.227070737487875,0.0515611198232875,36,36,36,36,"2",1,0,0,0,2014,"TRUE"
118,118,48,"Ceunen et al., 2014","1","Ceunen et al., 2014, Study 1","eye blink startle","Physiology",-1.18839304645925,-1.18839304645925,1.14619273384727,1.31375778312429,36,36,36,36,"1",1,0,0,0,2014,"TRUE"
119,119,49,"Inagaki et al., 2018","1","Inagaki et al., 2018, Study 1","heart rate","Physiology",NA,NA,NA,NA,44,22,0,22,"2",1,0,0,1,2018,"only exploratory"
120,120,49,"Inagaki et al., 2018","1","Inagaki et al., 2018, Study 1","mood vitality","Self-Reports",NA,NA,NA,NA,68,34,0,38,"1",1,0,0,1,2018,"only exploratory"
121,121,49,"Inagaki et al., 2018","1","Inagaki et al., 2018, Study 1","mood stability","Self-Reports",0.0415292192221235,0.0415292192221235,0.224789289055867,0.0505302244742422,68,34,0,38,NA,1,0,0,1,2018,"only exploratory"
122,122,49,"Inagaki et al., 2018","1","Inagaki et al., 2018, Study 1","mood pleasure","Self-Reports",NA,NA,NA,NA,68,34,0,38,NA,1,0,0,1,2018,"only exploratory"
123,123,49,"Inagaki et al., 2018","1","Inagaki et al., 2018, Study 1","mood arousal","Self-Reports",NA,NA,NA,NA,68,34,0,38,NA,1,0,0,1,2018,"only exploratory"
124,124,50,"Kozak et al., 2014","1","Kozak et al., 2014, Study 1","number of math questions attempted","Behavior",NA,NA,NA,NA,80,40,40,80,"2",1,1,0,0,2014,"FALSE"
125,125,50,"Kozak et al., 2014","1","Kozak et al., 2014, Study 1","positive emotions","Self-Reports",0.81250175748027,0.81250175748027,0.230067202691737,0.0529309177544009,80,40,40,80,"1",1,1,0,0,2014,"TRUE"
126,126,50,"Kozak et al., 2014","1","Kozak et al., 2014, Study 1","negative emotions","Self-Reports",0.588677426247659,0.588677426247659,0.227108551271151,0.0515782940604808,80,40,40,80,NA,1,1,0,0,2014,"TRUE"
127,127,50,"Kozak et al., 2014","1","Kozak et al., 2014, Study 1","satisfaction with performance on math test","Self-Reports",NA,NA,NA,NA,80,40,40,80,NA,1,1,0,0,2014,"FALSE"
128,128,51,"Michalak et al., 2014","1","Michalak et al., 2014, Study 1","bias in recall of positive vs. negative words","Self-Reports",0.71518154456101,0.71518154456101,0.393657587007258,0.154966295808377,30,15,15,30,"3",1,1,0,0,2014,"TRUE"
129,129,52,"Miragall et al., 2020","1","Miragall et al., 2020, Study 1","interpretation of ambiguous situations as more positive","Self-Reports",0.0896474580329587,0.0896474580329587,0.0421158517259967,0.00177374496660614,54,26,28,54,"1",1,1,0,0,2020,"TRUE"
130,130,52,"Miragall et al., 2020","1","Miragall et al., 2020, Study 1","vividness of positive mental imagery","Self-Reports",-0.0706133213967782,-0.0706133213967782,0.0368603322507748,0.00135868409363751,54,26,28,54,NA,1,1,0,0,2020,"TRUE"
131,131,52,"Miragall et al., 2020","1","Miragall et al., 2020, Study 1","vividness of negative mental imagery","Self-Reports",0.018440063618174,0.018440063618174,0.0853593846278904,0.00728622454405214,54,26,28,54,NA,1,1,0,0,2020,"TRUE"
132,132,52,"Miragall et al., 2020","1","Miragall et al., 2020, Study 1","positive emotions","Self-Reports",0.169563931900559,0.169563931900559,0.0639310334268337,0.00408717703502293,54,26,28,54,NA,1,1,0,0,2020,"TRUE"
133,133,52,"Miragall et al., 2020","1","Miragall et al., 2020, Study 1","negative emotions","Self-Reports",-0.276821963308804,-0.276821963308804,0.199981434125055,0.0399925739947136,54,26,28,54,NA,1,1,0,0,2020,"TRUE"
134,134,52,"Miragall et al., 2020","1","Miragall et al., 2020, Study 1","Fatigue","Self-Reports",-0.582280681294285,-0.582280681294285,0.366511957632578,0.134331015087665,54,26,28,54,NA,1,1,0,0,2020,"TRUE"
135,135,52,"Miragall et al., 2020","1","Miragall et al., 2020, Study 1","Depression","Self-Reports",-0.151377795430467,-0.151377795430467,0.395469776322446,0.156396343984525,54,26,28,54,NA,1,1,0,0,2020,"TRUE"
136,136,52,"Miragall et al., 2020","1","Miragall et al., 2020, Study 1","Vigour","Self-Reports",0.276046123972989,0.276046123972989,0.115778571244438,0.0134046775594035,54,26,28,54,"2",1,1,0,0,2020,"TRUE"
137,137,53,"Nair et al., 2015","1","Nair et al., 2015, Study 1","blood pressure","Physiology",NA,NA,NA,NA,69,38,31,74,NA,1,1,0,0,2015,"FALSE"
138,138,53,"Nair et al., 2015","1","Nair et al., 2015, Study 1","heart rate","Physiology",-0.26170366236134,-0.26170366236134,0.246366247813739,0.0606963280618207,69,38,31,74,NA,1,1,0,0,2015,"TRUE"
139,139,53,"Nair et al., 2015","1","Nair et al., 2015, Study 1","stroke volume","Physiology",0.582257212373148,0.582257212373148,0.253063539109003,0.0640411548263741,69,38,31,74,NA,1,1,0,0,2015,"TRUE"
140,140,53,"Nair et al., 2015","1","Nair et al., 2015, Study 1","pulse pressure during speech task","Physiology",-0.250146786632419,-0.250146786632419,0.205341506663171,0.042165134358701,69,38,31,74,"2",1,1,0,0,2015,"TRUE"
141,141,53,"Nair et al., 2015","1","Nair et al., 2015, Study 1","task persistence","Behavior",0.895050373884303,0.895050373884303,0.238723927603395,0.0569891136103912,74,39,35,74,NA,1,1,0,0,2015,"TRUE"
142,142,53,"Nair et al., 2015","1","Nair et al., 2015, Study 1","task persistence","Behavior",1.36928880785474,1.36928880785474,0.252795258709568,0.0639054428260372,74,39,35,74,NA,1,1,0,0,2015,"TRUE"
143,143,53,"Nair et al., 2015","1","Nair et al., 2015, Study 1","mood: high arousal positive","Self-Reports",0.500358347437219,0.500358347437219,0.235094736959201,0.0552695353459158,74,39,35,74,"1",1,1,0,0,2015,"TRUE"
144,144,53,"Nair et al., 2015","1","Nair et al., 2015, Study 1","mood: positive","Self-Reports",0.426086367329526,0.426086367329526,0.234017933447892,0.054764393175222,74,39,35,74,NA,1,1,0,0,2015,"TRUE"
145,145,53,"Nair et al., 2015","1","Nair et al., 2015, Study 1","mood: low arousal positive","Self-Reports",0.119545287604672,0.119545287604672,0.223511854506923,0.0499575491051241,74,39,35,74,NA,1,1,0,0,2015,"TRUE"
146,146,53,"Nair et al., 2015","1","Nair et al., 2015, Study 1","mood: low arousal","Self-Reports",0.686349912156101,0.686349912156101,0.237648651653169,0.056476881632569,74,39,35,74,NA,1,1,0,0,2015,"TRUE"
147,147,53,"Nair et al., 2015","1","Nair et al., 2015, Study 1","mood: low arousal negative","Self-Reports",-0.783573200027621,-0.783573200027621,0.239134071388741,0.0571851040989557,74,39,35,74,NA,1,1,0,0,2015,"TRUE"
148,148,53,"Nair et al., 2015","1","Nair et al., 2015, Study 1","mood: negative","Self-Reports",-0.570078634411242,-0.570078634411242,0.236038259820223,0.0557140600989591,74,39,35,74,NA,1,1,0,0,2015,"TRUE"
149,149,53,"Nair et al., 2015","1","Nair et al., 2015, Study 1","mood: high arousal negative","Self-Reports",-0.734768729154093,-0.734768729154093,0.238368237146895,0.0568194164805183,74,39,35,74,NA,1,1,0,0,2015,"TRUE"
150,150,53,"Nair et al., 2015","1","Nair et al., 2015, Study 1","mood: high arousal","Self-Reports",-0.126011797456886,-0.126011797456886,0.224003829569522,0.0501777156618115,74,39,35,74,NA,1,1,0,0,2015,"TRUE"
151,151,53,"Nair et al., 2015","1","Nair et al., 2015, Study 1","state self esteem","Self-Reports",0.500009363587926,0.500009363587926,0.23373490018367,0.0546320035638703,74,39,35,74,NA,1,1,0,0,2015,"TRUE"
152,152,53,"Nair et al., 2015","1","Nair et al., 2015, Study 1","perceived threat: physical - probability","Self-Reports",0.150897359744219,0.150897359744219,0.251575955626964,0.0632904614496203,73,39,34,74,NA,1,1,0,0,2015,"TRUE"
153,153,53,"Nair et al., 2015","1","Nair et al., 2015, Study 1","perceived threat: physical  - consequences","Self-Reports",0.331207458987398,0.331207458987398,0.235393680588365,0.0554101848609371,72,38,34,74,NA,1,1,0,0,2015,"TRUE"
154,154,53,"Nair et al., 2015","1","Nair et al., 2015, Study 1","perceived threat: physical - control","Self-Reports",-0.100302388101538,-0.100302388101538,0.225884451564571,0.0510237854586272,74,39,35,74,NA,1,1,0,0,2015,"TRUE"
155,155,53,"Nair et al., 2015","1","Nair et al., 2015, Study 1","perceived threat: physical - fear","Self-Reports",0.23201544693624,0.23201544693624,0.231076034159984,0.0533961335631062,74,39,35,74,NA,1,1,0,0,2015,"TRUE"
156,156,53,"Nair et al., 2015","1","Nair et al., 2015, Study 1","perceived threat: social - probability","Self-Reports",0.0277921027971024,0.0277921027971024,0.214303316715579,0.0459259115552977,73,39,34,74,NA,1,1,0,0,2015,"TRUE"
157,157,53,"Nair et al., 2015","1","Nair et al., 2015, Study 1","perceived threat: social - consequences","Self-Reports",-0.0239077693273202,-0.0239077693273202,0.21870883928654,0.0478335563820654,72,38,34,74,NA,1,1,0,0,2015,"TRUE"
158,158,53,"Nair et al., 2015","1","Nair et al., 2015, Study 1","perceived threat: social - control","Self-Reports",0.0835249709809145,0.0835249709809145,0.230371058068549,0.0530708243956226,74,39,35,74,NA,1,1,0,0,2015,"TRUE"
159,159,53,"Nair et al., 2015","1","Nair et al., 2015, Study 1","perceived threat: social - fear","Self-Reports",0.855238078302913,0.855238078302913,0.24047548586696,0.0578284593029506,74,39,35,74,NA,1,1,0,0,2015,"TRUE"
160,160,54,"Peper et al., 2017","1","Peper et al., 2017, Study 1","recall of positive events","Self-Reports",1.78804188001599,1.78804188001599,0.141337642280421,0.0199763291253881,216,216,216,216,"2",1,0,0,0,2017,"TRUE"
161,161,54,"Peper et al., 2017","1","Peper et al., 2017, Study 1","recall of negative events","Self-Reports",1.42348732206585,1.42348732206585,0.138194742497233,0.0190977868538766,216,216,216,216,"1",1,0,0,0,2017,"TRUE"
162,162,55,"Peper et al., 2016","1","Peper et al., 2016, Study 1","perceived strength","Self-Reports",3.14807986947612,3.14807986947612,0.423098040281777,0.17901195169028,33,33,33,33,"3",1,0,0,0,2016,"TRUE"
163,163,56,"Peper et al., 2018","1","Peper et al., 2018, Study 1","perceived math task difficulty","Self-Reports",0.528895822251056,0.528895822251056,0.127206852214196,0.0161815832502444,125,125,125,125,"3",1,0,0,0,2018,"TRUE"
164,164,57,"Riskind & Gotay, 1982","1","Riskind & Gotay, 1982, Study 1","task persistence","Behavior",1.2482287778627,1.2482287778627,0.504966055436139,0.254990717142734,18,9,9,18,"1",1,1,0,0,1982,"TRUE"
165,165,58,"Riskind & Gotay, 1982","2","Riskind & Gotay, 1982, Study 2","task persistence","Behavior",0.869484010180481,0.869484010180481,0.458314365473719,0.210052057599578,20,10,10,20,"1",1,1,0,0,1982,"TRUE"
166,166,57,"Riskind & Gotay, 1982","1","Riskind & Gotay, 1982, Study 1","mood","Self-Reports",NA,NA,NA,NA,18,9,9,18,"2",1,1,0,0,1982,"FALSE"
167,167,58,"Riskind & Gotay, 1982","2","Riskind & Gotay, 1982, Study 2","mood","Self-Reports",NA,NA,NA,NA,20,10,10,20,"2",1,1,0,0,1982,"FALSE"
168,168,59,"Riskind, 1983","1","Riskind, 1983, Study 1","RT to remember positive experiences (sample 1; Marquette)","Behavior",3.43900357111332,3.43900357111332,0.859853188584853,0.739347505919539,12,6,6,12,"1",1,0,0,0,1983,"TRUE"
169,169,60,"Riskind, 1983","1","Riskind, 1983, Study 1","RT to remember positive experiences (sample 2; Texas A&M)","Behavior",0.909068004017546,0.909068004017546,0.483936107171005,0.234194155823826,18,9,9,18,NA,1,0,0,0,1983,"TRUE"
170,170,61,"Riskind, 1983","1","Riskind, 1983, Study 1","RT to remember negative experiences (sample 2; Texas A&M)","Behavior",3.89576667617741,3.89576667617741,0.842370459808986,0.709587991558802,14,7,7,14,NA,1,0,0,0,1983,"TRUE"
171,171,59,"Riskind, 1983","1","Riskind, 1983, Study 1","mood","Self-Reports",1.49982247470202,1.49982247470202,0.636589136873295,0.405245729185087,12,6,6,12,"2",1,0,0,0,1983,"TRUE"
172,172,62,"Riskind, 1983","2","Riskind, 1983, Study 2","mood","Self-Reports",0.865382139018311,0.865382139018311,0.422296086978549,0.178333985077395,24,12,12,24,NA,1,1,0,0,1983,"TRUE"
173,173,63,"Riskind, 1983","2","Riskind, 1983, Study 2","mood","Self-Reports",0.98791909088392,0.98791909088392,0.468829224201246,0.219800841465142,20,10,10,20,"2",1,1,0,0,1983,"TRUE"
174,174,62,"Riskind, 1983","2","Riskind, 1983, Study 2","RT to remember positive experiences","Behavior",1.0072586343145,1.0072586343145,0.429416703105189,0.18439870490573,24,12,12,24,"1",1,1,0,0,1983,"TRUE"
175,175,63,"Riskind, 1983","2","Riskind, 1983, Study 2","RT to remember negative experiences","Behavior",0.790938564450848,0.790938564450848,0.457351852711343,0.209170717178498,20,10,10,20,NA,1,1,0,0,1983,"TRUE"
178,177,65,"Riskind, 1984","1","Riskind, 1984, Study 1","external locus of control","Self-Reports",NA,NA,NA,NA,49,24,25,76,"2",1,1,0,0,1984,"FALSE"
179,178,65,"Riskind, 1984","1","Riskind, 1984, Study 1","expectations of success","Self-Reports",NA,NA,NA,NA,24,12,12,76,"1",1,1,0,0,1984,"FALSE"
180,178,65,"Riskind, 1984","1","Riskind, 1984, Study 1","expectations of success","Self-Reports",NA,NA,NA,NA,25,12,13,76,NA,1,1,0,0,1984,"FALSE"
181,179,64,"Riskind, 1984","2","Riskind, 1984, Study 2","depression","Self-Reports",-0.612604175666274,-0.612604175666274,0.316976720257778,0.100474241185378,41,20,21,51,NA,1,1,0,0,1984,"TRUE"
182,180,64,"Riskind, 1984","2","Riskind, 1984, Study 2","external locus of control","Self-Reports",NA,NA,NA,NA,41,20,21,51,"2",1,1,0,0,1984,"FALSE"
183,181,66,"Riskind, 1984","4","Riskind, 1984, Study 4","depression","Self-Reports",NA,NA,NA,NA,69,35,34,69,"3",1,1,0,0,1984,"FALSE"
184,182,67,"Riskind, 1984","3","Riskind, 1984, Study 3","external locus of control","Self-Reports",0.917639087950689,0.917639087950689,0.460838463461152,0.212372089405235,20,10,10,20,"2",1,1,0,0,1984,"TRUE"
185,183,67,"Riskind, 1984","3","Riskind, 1984, Study 3","depression","Self-Reports",-0.95198265634441,-0.95198265634441,0.462669914670448,0.21406344994116,20,10,10,20,"1",1,1,0,0,1984,"TRUE"
186,184,68,"Roberts & Arefi-Afshar, 2007","1","Roberts & Arefi-Afshar, 2007, Study 1","pos emot: happy","Self-Reports",NA,NA,NA,NA,60,30,30,60,NA,1,1,0,0,2007,"FALSE"
187,185,68,"Roberts & Arefi-Afshar, 2007","1","Roberts & Arefi-Afshar, 2007, Study 1","pos emot: calm","Self-Reports",NA,NA,NA,NA,60,30,30,60,NA,1,1,0,0,2007,"FALSE"
188,186,68,"Roberts & Arefi-Afshar, 2007","1","Roberts & Arefi-Afshar, 2007, Study 1","pos emot: proud","Self-Reports",NA,NA,NA,NA,60,30,30,60,NA,1,1,0,0,2007,"FALSE"
189,187,68,"Roberts & Arefi-Afshar, 2007","1","Roberts & Arefi-Afshar, 2007, Study 1","pos emot: content","Self-Reports",0.585035938185294,0.585035938185294,0.262900511391243,0.069116678889777,60,30,30,60,NA,1,1,0,0,2007,"TRUE"
190,188,68,"Roberts & Arefi-Afshar, 2007","1","Roberts & Arefi-Afshar, 2007, Study 1","pos emot: relaxed","Self-Reports",NA,NA,NA,NA,60,30,30,60,NA,1,1,0,0,2007,"FALSE"
191,189,68,"Roberts & Arefi-Afshar, 2007","1","Roberts & Arefi-Afshar, 2007, Study 1","pos emot: satisfied","Self-Reports",0.484206749084287,0.484206749084287,0.260937934746565,0.0680886057898027,60,30,30,60,NA,1,1,0,0,2007,"TRUE"
192,190,68,"Roberts & Arefi-Afshar, 2007","1","Roberts & Arefi-Afshar, 2007, Study 1","pos emot: amused","Self-Reports",NA,NA,NA,NA,60,30,30,60,NA,1,1,0,0,2007,"FALSE"
193,191,68,"Roberts & Arefi-Afshar, 2007","1","Roberts & Arefi-Afshar, 2007, Study 1","neg emot: discouraged","Self-Reports",0.499393459060357,0.499393459060357,0.261240073729193,0.0682463761220343,60,30,30,60,"1",1,1,0,0,2007,"TRUE"
194,192,68,"Roberts & Arefi-Afshar, 2007","1","Roberts & Arefi-Afshar, 2007, Study 1","neg emot: disappointed","Self-Reports",NA,NA,NA,NA,60,30,30,60,NA,1,1,0,0,2007,"FALSE"
195,193,68,"Roberts & Arefi-Afshar, 2007","1","Roberts & Arefi-Afshar, 2007, Study 1","neg emot: tense","Self-Reports",0.499393459060357,0.499393459060357,0.261240073729193,0.0682463761220343,60,30,30,60,NA,1,1,0,0,2007,"TRUE"
196,194,68,"Roberts & Arefi-Afshar, 2007","1","Roberts & Arefi-Afshar, 2007, Study 1","neg emot: worried","Self-Reports",NA,NA,NA,NA,60,30,30,60,NA,1,1,0,0,2007,"FALSE"
197,195,68,"Roberts & Arefi-Afshar, 2007","1","Roberts & Arefi-Afshar, 2007, Study 1","neg emot: embarrassed","Self-Reports",NA,NA,NA,NA,60,30,30,60,NA,1,1,0,0,2007,"FALSE"
198,196,68,"Roberts & Arefi-Afshar, 2007","1","Roberts & Arefi-Afshar, 2007, Study 1","neg emot: ashamed","Self-Reports",0.573827314745401,0.573827314745401,0.262684594357375,0.0690031961126989,60,30,30,60,NA,1,1,0,0,2007,"TRUE"
199,197,68,"Roberts & Arefi-Afshar, 2007","1","Roberts & Arefi-Afshar, 2007, Study 1","neg emot: angry","Self-Reports",0.529686752072677,0.529686752072677,0.261832771378135,0.0685564001675549,60,30,30,60,NA,1,1,0,0,2007,"TRUE"
200,198,68,"Roberts & Arefi-Afshar, 2007","1","Roberts & Arefi-Afshar, 2007, Study 1","neg emot: sad","Self-Reports",NA,NA,NA,NA,60,30,30,60,NA,1,1,0,0,2007,"FALSE"
201,199,68,"Roberts & Arefi-Afshar, 2007","1","Roberts & Arefi-Afshar, 2007, Study 1","math satisfaction","Self-Reports",NA,NA,NA,NA,60,30,30,60,"2",1,1,0,0,2007,"FALSE"
202,200,69,"Stepper & Strack, 1993","1","Stepper & Strack, 1993, Study 1","pride","Self-Reports",0.267589402776108,0.267589402776108,0.200520975225175,0.0402086615052552,99,50,49,99,"1",1,1,0,0,1993,"TRUE"
203,201,69,"Stepper & Strack, 1993","1","Stepper & Strack, 1993, Study 1","general mood","Self-Reports",NA,NA,NA,NA,99,50,49,99,NA,1,1,0,0,1993,"FALSE"
204,202,69,"Stepper & Strack, 1993","1","Stepper & Strack, 1993, Study 1","single mood ratings","Self-Reports",NA,NA,NA,NA,99,50,49,99,"2",1,1,0,0,1993,"FALSE"
205,203,69,"Stepper & Strack, 1993","1","Stepper & Strack, 1993, Study 1","pride regarding achievement test","Self-Reports",NA,NA,NA,NA,99,50,49,99,NA,1,1,0,0,1993,"FALSE"
206,204,70,"Tsai et al., 2016","1","Tsai et al., 2016, Study 1","EEG activity happy - total beta","Physiology",-0.298403771498885,-0.298403771498885,0.264649436544157,0.07003932426314,28,28,28,28,NA,1,0,0,1,2016,"TRUE"
207,205,70,"Tsai et al., 2016","1","Tsai et al., 2016, Study 1","EEG activity depressive - total beta","Physiology",-0.298140446224923,-0.298140446224923,0.264714959185047,0.0700740096163412,28,28,28,28,NA,1,0,0,1,2016,"TRUE"
208,206,70,"Tsai et al., 2016","1","Tsai et al., 2016, Study 1","EEG activity - happy - total theta","Physiology",-0.0406133857393997,-0.0406133857393997,0.245572378043235,0.0603057928578096,28,28,28,28,NA,1,0,0,1,2016,"TRUE"
209,207,70,"Tsai et al., 2016","1","Tsai et al., 2016, Study 1","EEG activity - depressive - total theta","Physiology",0.00719622173647511,0.00719622173647511,0.239702675530135,0.0574573726563054,28,28,28,28,NA,1,0,0,1,2016,"TRUE"
210,208,70,"Tsai et al., 2016","1","Tsai et al., 2016, Study 1","EEG activity - happy - total alpha","Physiology",-0.0695181200271431,-0.0695181200271431,0.249618663292172,0.0623094770637708,28,28,28,28,NA,1,0,0,1,2016,"TRUE"
211,209,70,"Tsai et al., 2016","1","Tsai et al., 2016, Study 1","EEG activity - depressive - total alpha","Physiology",-0.0105701770006055,-0.0105701770006055,0.240327062077234,0.0577570967666746,28,28,28,28,NA,1,0,0,1,2016,"TRUE"
212,210,70,"Tsai et al., 2016","1","Tsai et al., 2016, Study 1","EEG activity - happy - beta1","Physiology",-0.132075801801112,-0.132075801801112,0.255982419569386,0.065526999128597,28,28,28,28,NA,1,0,0,1,2016,"TRUE"
213,211,70,"Tsai et al., 2016","1","Tsai et al., 2016, Study 1","EEG activity - depressive - beta1","Physiology",-0.102715569366902,-0.102715569366902,0.25333548525177,0.06417886808775,28,28,28,28,NA,1,0,0,1,2016,"TRUE"
214,212,70,"Tsai et al., 2016","1","Tsai et al., 2016, Study 1","EEG activity - happy - beta2","Physiology",-0.331675113699042,-0.331675113699042,0.265677268374051,0.0705844109306973,28,28,28,28,NA,1,0,0,1,2016,"TRUE"
215,213,70,"Tsai et al., 2016","1","Tsai et al., 2016, Study 1","EEG activity - depressive - beta2","Physiology",-0.290764392697459,-0.290764392697459,0.264443167541692,0.0699301888594835,28,28,28,28,NA,1,0,0,1,2016,"TRUE"
216,214,70,"Tsai et al., 2016","1","Tsai et al., 2016, Study 1","EEG activity - happy - beta3","Physiology",-0.548997670967947,-0.548997670967947,0.27049324759094,0.0731665969922937,28,28,28,28,NA,1,0,0,1,2016,"TRUE"
217,215,70,"Tsai et al., 2016","1","Tsai et al., 2016, Study 1","EEG activity - depressive - beta3","Physiology",-0.531887730352127,-0.531887730352127,0.270486167952049,0.0731627670533841,28,28,28,28,NA,1,0,0,1,2016,"TRUE"
218,216,70,"Tsai et al., 2016","1","Tsai et al., 2016, Study 1","EEG activity - happy - beta4","Physiology",-1.02064787535437,-1.02064787535437,0.281276988405066,0.0791167442062238,28,28,28,28,NA,1,0,0,1,2016,"TRUE"
219,217,70,"Tsai et al., 2016","1","Tsai et al., 2016, Study 1","EEG activity - depressive - beta4","Physiology",-0.759466571730264,-0.759466571730264,0.275617156527442,0.0759648169722725,28,28,28,28,"2",1,0,0,1,2016,"TRUE"
220,218,70,"Tsai et al., 2016","1","Tsai et al., 2016, Study 1","RT to remember positive experiences","Behavior",0.454386615581913,0.454386615581913,0.270217057228697,0.0730172580173368,28,28,28,28,NA,1,0,0,1,2016,"TRUE"
221,219,70,"Tsai et al., 2016","1","Tsai et al., 2016, Study 1","RT to remember negative experiences","Behavior",0.0481284880589003,0.0481284880589003,0.246815150043237,0.0609177182908658,28,28,28,28,NA,1,0,0,1,2016,"TRUE"
222,220,70,"Tsai et al., 2016","1","Tsai et al., 2016, Study 1","ease to remember positive events","Self-Reports",0.394427086756914,0.394427086756914,0.267931792943857,0.0717874456701098,28,28,28,28,NA,1,0,0,1,2016,"TRUE"
223,221,70,"Tsai et al., 2016","1","Tsai et al., 2016, Study 1","ease to remember negative events","Self-Reports",0.313893007044947,0.313893007044947,0.265227398767579,0.0703455730570162,28,28,28,28,"1",1,0,0,1,2016,"TRUE"
224,222,71,"Veenstra et al., 2016","1","Veenstra et al., 2016, Study 1","mood","Self-Reports",0.186827622251864,0.186827622251864,0.160425844508019,0.0257364515861112,153,76,77,229,NA,1,1,0,0,2016,"TRUE"
225,223,71,"Veenstra et al., 2016","1","Veenstra et al., 2016, Study 1","mood recovery","Self-Reports",0.237131634205839,0.237131634205839,0.096576705195533,0.0093270599864249,153,76,77,229,"1",1,1,0,0,2016,"TRUE"
226,224,71,"Veenstra et al., 2016","1","Veenstra et al., 2016, Study 1","negative thoughts","Self-Reports",0.439209333541257,0.439209333541257,0.165595986536043,0.0274220307568454,153,76,77,229,"2",1,1,0,0,2016,"TRUE"
227,225,72,"Veenstra et al., 2016","2","Veenstra et al., 2016, Study 2","mood recovery","Self-Reports",0.416143701337239,0.416143701337239,0.187205224950394,0.0350457962487278,122,61,61,122,"1",1,1,0,0,2016,"TRUE"
228,226,72,"Veenstra et al., 2016","2","Veenstra et al., 2016, Study 2","valence of recalled memories","Self-Reports",0.0781459034011516,0.0781459034011516,0.171210890754515,0.0293131691129546,122,61,61,122,"2",1,1,0,0,2016,"TRUE"
229,227,73,"Welker et al., 2013","1","Welker et al., 2013, Study 1","need threat","Self-Reports",0.418350385870185,0.418350385870185,0.216795824121347,0.047000429356454,91,46,45,91,"1",1,0,0,0,2013,"TRUE"
230,228,73,"Welker et al., 2013","1","Welker et al., 2013, Study 1","mood","Self-Reports",0.199308907589432,0.199308907589432,0.189611033327008,0.0359523439593356,91,46,45,91,"2",1,0,0,0,2013,"TRUE"
231,229,74,"Welker et al., 2013","2","Welker et al., 2013, Study 2","need threat","Self-Reports",-0.283093053735256,-0.283093053735256,0.230466333352172,0.0531147308087946,84,42,42,84,"1",1,0,0,0,2013,"TRUE"
232,230,74,"Welker et al., 2013","2","Welker et al., 2013, Study 2","mood","Self-Reports",0.105923721565291,0.105923721565291,0.20944179078034,0.0438658637252756,84,42,42,84,"2",1,0,0,0,2013,"TRUE"
233,231,75,"Wilkes et al., 2017","1","Wilkes et al., 2017, Study 1","high arousal positive","Self-Reports",NA,NA,NA,NA,61,31,0,61,NA,1,1,0,0,2017,"only exploratory"
234,232,75,"Wilkes et al., 2017","1","Wilkes et al., 2017, Study 1","positive","Self-Reports",NA,NA,NA,NA,61,31,0,61,NA,1,1,0,0,2017,"only exploratory"
235,233,75,"Wilkes et al., 2017","1","Wilkes et al., 2017, Study 1","low arousal positive","Self-Reports",NA,NA,NA,NA,61,31,0,61,NA,1,1,0,0,2017,"only exploratory"
236,234,75,"Wilkes et al., 2017","1","Wilkes et al., 2017, Study 1","low arousal","Self-Reports",NA,NA,NA,NA,61,31,0,61,NA,1,1,0,0,2017,"only exploratory"
237,235,75,"Wilkes et al., 2017","1","Wilkes et al., 2017, Study 1","low arousal negative","Self-Reports",NA,NA,NA,NA,61,31,0,61,NA,1,1,0,0,2017,"only exploratory"
238,236,75,"Wilkes et al., 2017","1","Wilkes et al., 2017, Study 1","negative","Self-Reports",NA,NA,NA,NA,61,31,0,61,NA,1,1,0,0,2017,"only exploratory"
239,237,75,"Wilkes et al., 2017","1","Wilkes et al., 2017, Study 1","high arousal negative","Self-Reports",NA,NA,NA,NA,61,31,0,61,"1",1,1,0,0,2017,"only exploratory"
240,238,75,"Wilkes et al., 2017","1","Wilkes et al., 2017, Study 1","high arousal","Self-Reports",NA,NA,NA,NA,61,31,0,61,NA,1,1,0,0,2017,"only exploratory"
241,239,75,"Wilkes et al., 2017","1","Wilkes et al., 2017, Study 1","fatigue","Self-Reports",NA,NA,NA,NA,61,31,0,61,"2",1,1,0,0,2017,"only exploratory"
242,240,76,"Wilson & Peper, 2004","1","Wilson & Peper, 2004, Study 1","heart rate","Physiology",NA,NA,NA,NA,21,11,10,21,"2",1,0,0,0,2004,"FALSE"
243,241,76,"Wilson & Peper, 2004","1","Wilson & Peper, 2004, Study 1","repiration rate","Physiology",NA,NA,NA,NA,21,11,10,21,NA,1,0,0,0,2004,"FALSE"
244,242,76,"Wilson & Peper, 2004","1","Wilson & Peper, 2004, Study 1","EMG of zygomaticus major","Physiology",NA,NA,NA,NA,21,11,10,21,NA,1,0,0,0,2004,"FALSE"
245,243,76,"Wilson & Peper, 2004","1","Wilson & Peper, 2004, Study 1","recall of positive events","Self-Reports",1.7027108345481,1.7027108345481,0.534642432840801,0.28584253099393,24,12,12,24,"1",1,0,0,NA,2004,"TRUE"
246,244,76,"Wilson & Peper, 2004","1","Wilson & Peper, 2004, Study 1","recall of negative events","Self-Reports",0.617435541087084,0.617435541087084,0.42175385045754,0.177876310375761,24,12,12,24,NA,1,0,0,0,2004,"TRUE"
247,245,77,"Cesario & Johnson, 2017","1","Cesario & Johnson, 2017, Study 1","risk taking","Behavior",NA,NA,NA,NA,92,92,0,164,NA,0,0,0,0,2017,"only exploratory"
248,246,77,"Cesario & Johnson, 2017","1","Cesario & Johnson, 2017, Study 1","negotiation success","Behavior",NA,NA,NA,NA,92,92,0,164,"2",0,0,0,0,2017,"only exploratory"
249,247,78,"Cesario & Johnson, 2017","2","Cesario & Johnson, 2017, Study 2","risk taking","Behavior",NA,NA,NA,NA,89,89,0,161,NA,0,0,0,0,2017,"only exploratory"
250,248,78,"Cesario & Johnson, 2017","2","Cesario & Johnson, 2017, Study 2","negotiation success","Behavior",NA,NA,NA,NA,89,89,0,161,"2",0,0,0,0,2017,"only exploratory"
251,249,79,"Cesario & Johnson, 2017","3","Cesario & Johnson, 2017, Study 3","risk taking","Behavior",0.0890181818181818,0.0890181818181818,0.23070334621421,0.0532240339544338,71,37,34,71,NA,0,1,0,0,2017,"TRUE"
252,250,79,"Cesario & Johnson, 2017","3","Cesario & Johnson, 2017, Study 3","negotiation success","Behavior",0.141869027374091,0.141869027374091,0.237430409107934,0.0563731991691611,71,37,34,71,"2",0,1,0,0,2017,"TRUE"
253,251,80,"Cesario & Johnson, 2017","4","Cesario & Johnson, 2017, Study 4","risk taking","Behavior",0.457991266375546,0.457991266375546,0.234070087157443,0.054788805701893,174,89,85,174,"2",0,1,0,0,2017,"TRUE"
254,252,77,"Cesario & Johnson, 2017","1","Cesario & Johnson, 2017, Study 1","power feelings","Self-Reports",NA,NA,NA,NA,92,92,0,164,"1",0,0,0,0,2017,"only exploratory"
255,253,78,"Cesario & Johnson, 2017","2","Cesario & Johnson, 2017, Study 2","power feelings","Self-Reports",NA,NA,NA,NA,89,89,0,161,"1",0,0,0,0,2017,"only exploratory"
256,254,79,"Cesario & Johnson, 2017","3","Cesario & Johnson, 2017, Study 3","power feelings","Self-Reports",0.82002245954736,0.82002245954736,0.248802214663632,0.0619025420215278,71,37,34,71,"1",0,1,0,0,2017,"TRUE"
257,255,80,"Cesario & Johnson, 2017","4","Cesario & Johnson, 2017, Study 4","power feelings","Self-Reports",0.497950508469066,0.497950508469066,0.153219600562464,0.0234762459965211,174,89,85,174,"1",0,1,0,0,2017,"TRUE"
258,256,81,"Duffy & Feist, 2016","1","Duffy & Feist, 2016, Study 1","temporal perspective framing","Self-Reports",1.0819137820505,1.0819137820505,0.234871689993975,0.055164710760626,80,40,40,80,"2",0,0,0,0,2016,"TRUE"
259,257,81,"Duffy & Feist, 2016","1","Duffy & Feist, 2016, Study 1","temporal perspective Wednesday meeting question","Self-Reports",0.288192926045016,0.288192926045016,0.110343684852772,0.0121757287868878,80,40,40,80,"1",0,0,0,0,2016,"TRUE"
260,258,82,"Fuller & Montgomery, 2015","1","Fuller & Montgomery, 2015, Study 1","agreement with conventional religious beliefs","Self-Reports",0.32686530007176,0.32686530007176,0.113421095912872,0.0128643449980769,99,49,50,127,"3",0,1,0,0,2015,"TRUE"
261,259,83,"Golec de Zavala et al., 2017","1","Golec de Zavala et al., 2017, Study 1","subjective energy","Self-Reports",0.166113572609722,0.166113572609722,0.300665338634634,0.0903996458562793,41,21,20,82,"3",0,1,0,0,2017,"TRUE"
262,260,84,"Hao et al., 2017","1","Hao et al., 2017, Study 1","power feelings","Self-Reports",NA,NA,NA,NA,149,76,73,149,"3",0,0,0,1,2017,"FALSE"
263,261,85,"Hao et al., 2017","2","Hao et al., 2017, Study 2","power feelings","Self-Reports",NA,NA,NA,NA,130,63,67,130,"3",0,0,0,1,2017,"FALSE"
264,262,86,"Huang et al., 2011","2","Huang et al., 2011, Study 2","action orientation","Behavior",0.51125964785556,0.51125964785556,0.220037199910426,0.0484163693444208,77,39,38,77,"1",0,1,0,0,2011,"TRUE"
265,263,87,"Huang et al., 2011","3","Huang et al., 2011, Study 3","action orientation","Behavior",0.621487007432149,0.621487007432149,0.286841394159671,0.0822779854034635,57,29,28,57,"3",0,1,0,0,2011,"TRUE"
266,264,88,"Huang et al., 2011","1","Huang et al., 2011, Study 1","power feelings","Self-Reports",0.473969976703059,0.473969976703059,0.203988378415531,0.0416112585285979,77,39,38,77,"3",0,1,0,0,2011,"TRUE"
267,265,86,"Huang et al., 2011","2","Huang et al., 2011, Study 2","power feelings","Self-Reports",0.275505661751205,0.275505661751205,0.19580564985107,0.0383398525135999,77,39,38,77,"2",0,1,0,0,2011,"TRUE"
268,266,89,"Jackson et al., 2017","1","Jackson et al., 2017, Study 1","extended self-description","Self-Reports",0.586506910951119,0.586506910951119,0.260211847727405,0.0677102056977105,65,32,33,65,"3",0,1,0,0,2017,"TRUE"
269,267,90,"Jackson et al., 2017","2","Jackson et al., 2017, Study 2","extended self-description","Self-Reports",0.102816670213415,0.102816670213415,0.171415869085896,0.029383400174473,128,63,65,128,"3",0,1,1,0,2017,"TRUE"
270,268,91,"Klenner et al., 2016","1","Klenner et al., 2016, Study 1","self-esteem","Self-Reports",0.418707928877009,0.418707928877009,0.177191450068141,0.0313968099772505,119,60,59,119,NA,0,0,0,0,2016,"TRUE"
271,269,91,"Klenner et al., 2016","1","Klenner et al., 2016, Study 1","mood","Self-Reports",1.77372797436178,1.77372797436178,0.206222154842882,0.0425275771480416,119,60,59,119,"1",0,0,0,0,2016,"TRUE"
272,270,91,"Klenner et al., 2016","1","Klenner et al., 2016, Study 1","achievement motivation","Self-Reports",0.303786091479122,0.303786091479122,0.174309116423658,0.0303836680683962,119,60,59,119,"2",0,0,0,0,2016,"TRUE"
273,271,92,"Körner et al., 2019","1","Körner et al., 2019, Study 1","self-esteem (state)","Self-Reports",0.683228754494229,0.683228754494229,0.243182316043172,0.0591376388361211,80,40,40,120,"3",0,1,0,0,2019,"TRUE"
274,274,94,"Körner et al., 2019","3","Körner et al., 2019, Study 3","self-esteem (state, SSES)","Self-Reports",0.413356863683387,0.413356863683387,0.202622278038797,0.0410557875576315,98,49,49,98,"1",0,1,0,0,2019,"TRUE"
275,275,94,"Körner et al., 2019","3","Körner et al., 2019, Study 3","self-esteem (state, MSCS)","Self-Reports",0.420462134918102,0.420462134918102,0.202990349663077,0.0412050820563381,98,49,49,98,"2",0,1,0,0,2019,"TRUE"
276,276,95,"Körner et al., 2020","1","Körner et al., 2020, Study 1","self-esteem (state)","Self-Reports",0.338140511448796,0.338140511448796,0.164926789811867,0.0272008459976478,108,55,53,108,"3",0,0,1,0,2020,"TRUE"
277,277,96,"Kwon & Kim, 2015","1","Kwon & Kim, 2015, Study 1","number of IQ test tasks attempted","Behavior",NA,NA,NA,NA,NA,0,40,81,"1",0,0,0,1,2015,"only exploratory"
278,278,96,"Kwon & Kim, 2015","1","Kwon & Kim, 2015, Study 1","self-esteem (trait)","Self-Reports",NA,NA,NA,NA,NA,0,40,81,NA,0,0,0,1,2015,"only exploratory"
279,279,96,"Kwon & Kim, 2015","1","Kwon & Kim, 2015, Study 1","life satisfaction","Self-Reports",NA,NA,NA,NA,NA,0,40,81,NA,0,0,0,1,2015,"only exploratory"
280,280,96,"Kwon & Kim, 2015","1","Kwon & Kim, 2015, Study 1","stress: extreme-negative","Self-Reports",NA,NA,NA,NA,NA,0,40,81,NA,0,0,0,1,2015,"only exploratory"
281,281,96,"Kwon & Kim, 2015","1","Kwon & Kim, 2015, Study 1","stress: aggressive-hostile","Self-Reports",NA,NA,NA,NA,NA,0,40,81,"2",0,0,0,1,2015,"only exploratory"
282,282,96,"Kwon & Kim, 2015","1","Kwon & Kim, 2015, Study 1","stress: self-depreciative","Self-Reports",NA,NA,NA,NA,NA,0,40,81,NA,0,0,0,1,2015,"only exploratory"
283,283,97,"Lee & Schnall, 2014","2","Lee & Schnall, 2014, Study 2","weight of boxes","Self-Reports",0.595814516339828,0.595814516339828,0.274992501023675,0.0756208756192558,41,21,20,41,"3",0,1,0,0,2014,"TRUE"
284,284,98,"Nielsen, 2017","1","Nielsen, 2017, Study 1","self-esteem (trait)","Self-Reports",NA,NA,NA,NA,123,62,61,123,NA,0,0,0,0,2017,"FALSE"
285,285,98,"Nielsen, 2017","1","Nielsen, 2017, Study 1","optimism","Self-Reports",NA,NA,NA,NA,123,62,61,123,"1",0,0,0,0,2017,"FALSE"
286,286,98,"Nielsen, 2017","1","Nielsen, 2017, Study 1","problem-solving self-effifcacy","Self-Reports",NA,NA,NA,NA,123,62,61,123,NA,0,0,0,0,2017,"FALSE"
287,287,98,"Nielsen, 2017","1","Nielsen, 2017, Study 1","problem-solving skills","Self-Reports",NA,NA,NA,NA,123,62,61,123,"2",0,0,0,0,2017,"FALSE"
288,288,99,"Park et al., 2013","4","Park et al., 2013, Study 4","action orientation - us americans","Behavior",0.736504009145335,0.736504009145335,0.28199361932028,0.079520401337351,52,26,26,83,"1",0,1,0,0,2013,"TRUE"
289,289,100,"Park et al., 2013","4","Park et al., 2013, Study 4","action orientation - east asians","Behavior",-0.179331258382902,-0.179331258382902,0.330911053698294,0.109502125459715,31,16,15,83,"2",NA,1,0,1,2013,"TRUE"
290,290,101,"Park et al., 2013","2a","Park et al., 2013, Study 2a","power feelings","Self-Reports",0.48678741448481,0.48678741448481,0.147366546394756,0.0217168989963179,213,107,106,213,"3",0,1,0,0,2013,"TRUE"
291,291,102,"Park et al., 2013","2b","Park et al., 2013, Study 2b","power feelings","Self-Reports",0.64774047805205,0.64774047805205,0.224763640776987,0.0505186942153265,119,60,59,119,"3",0,1,0,0,2013,"TRUE"
292,292,103,"Park et al., 2013","3","Park et al., 2013, Study 3","power feelings - us americans","Self-Reports",0.470122330167376,0.470122330167376,0.232705954856562,0.0541520614257043,61,31,30,106,"1",0,1,0,0,2013,"TRUE"
293,293,104,"Park et al., 2013","3","Park et al., 2013, Study 3","power feelings - east asians","Self-Reports",-0.390596838382288,-0.390596838382288,0.373711094722684,0.139659982318827,45,23,22,106,"2",0,1,0,1,2013,"TRUE"
294,294,105,"Rotella & Richeson, 2013","1","Rotella & Richeson, 2013, Study 1","pride","Self-Reports",1.20750680400783,1.20750680400783,0.343749783426995,0.118163913606106,39,19,20,39,"1",0,1,0,0,2013,"TRUE"
295,295,105,"Rotella & Richeson, 2013","1","Rotella & Richeson, 2013, Study 1","shame","Self-Reports",0.389488534919642,0.389488534919642,0.319582719206895,0.102133114415673,39,19,20,39,NA,0,1,0,0,2013,"TRUE"
296,296,105,"Rotella & Richeson, 2013","1","Rotella & Richeson, 2013, Study 1","guilt","Self-Reports",1.25793370457073,1.25793370457073,0.356181266560624,0.12686509464873,39,19,20,39,NA,0,1,0,0,2013,"TRUE"
297,297,105,"Rotella & Richeson, 2013","1","Rotella & Richeson, 2013, Study 1","justification appraisal","Self-Reports",0.798599281819492,0.798599281819492,0.329003169417603,0.108243085486828,39,19,20,39,NA,0,1,0,0,2013,"TRUE"
298,298,105,"Rotella & Richeson, 2013","1","Rotella & Richeson, 2013, Study 1","reparation intention","Self-Reports",0.838587276971032,0.838587276971032,0.32564913787107,0.106047360996171,39,19,20,39,"2",0,1,0,0,2013,"TRUE"
299,299,106,"Rotella & Richeson, 2013","2","Rotella & Richeson, 2013, Study 2","collective guilt","Self-Reports",0.561721180461401,0.561721180461401,0.218739503983471,0.0478469706029351,86,43,43,128,"1",0,1,0,0,2013,"TRUE"
300,300,106,"Rotella & Richeson, 2013","2","Rotella & Richeson, 2013, Study 2","justification appraisal","Self-Reports",NA,NA,NA,NA,86,43,43,128,NA,0,1,0,0,2013,"FALSE"
301,301,106,"Rotella & Richeson, 2013","2","Rotella & Richeson, 2013, Study 2","reparation intention","Self-Reports",NA,NA,NA,NA,86,43,43,128,"2",0,1,0,0,2013,"FALSE"
302,302,107,"Strelan et al., 2014","3","Strelan et al., 2014, Study 3","revenge","Self-Reports",0.233781579794405,0.233781579794405,0.217504759714595,0.0473083204985035,83,42,41,85,"3",0,1,0,0,2014,"TRUE"
303,303,108,"Weineck et al., 2019","1","Weineck et al., 2019, Study 1","power feelings - power questionnaire","Self-Reports",NA,NA,NA,NA,41,41,0,41,NA,0,1,0,0,2019,"only exploratory"
304,304,108,"Weineck et al., 2019","1","Weineck et al., 2019, Study 1","interoceptive sensibility: BPQ","Self-Reports",NA,NA,NA,NA,41,41,0,41,NA,0,1,0,0,2019,"only exploratory"
305,305,108,"Weineck et al., 2019","1","Weineck et al., 2019, Study 1","interoceptive sensibility: confidence rating","Self-Reports",NA,NA,NA,NA,41,41,0,41,"1",0,1,0,0,2019,"only exploratory"
306,306,108,"Weineck et al., 2019","1","Weineck et al., 2019, Study 1","power feelings - visual analog scale","Self-Reports",NA,NA,NA,NA,41,41,0,41,NA,0,1,0,0,2019,"only exploratory"
307,307,108,"Weineck et al., 2019","1","Weineck et al., 2019, Study 1","power feelings - self assessment manekin dominance item","Self-Reports",NA,NA,NA,NA,41,41,0,41,"2",0,1,0,0,2019,"only exploratory"
308,308,109,"Zabetipour et al., 2015","1","Zabetipour et al., 2015, Study 1","mood","Self-Reports",1.53623263124782,1.53623263124782,0.417783934668304,0.174543416066929,15,15,15,15,"3",NA,0,0,1,2015,"TRUE"
309,309,110,"Abele & Yzerbyt, 2020","1","Abele & Yzerbyt, 2020, Study 1","Agency","Self-Reports",0.462756465790915,0.462756465790915,0.230394143098509,0.0530814611740961,92,46,46,92,"1",0,1,0,0,2020,"TRUE"
310,310,110,"Abele & Yzerbyt, 2020","1","Abele & Yzerbyt, 2020, Study 1","Communion","Self-Reports",0.118733654439093,0.118733654439093,0.181615320553355,0.0329841246596981,92,46,46,92,"2",0,1,0,0,2020,"TRUE"
311,311,111,"Abele & Yzerbyt, 2020","2","Abele & Yzerbyt, 2020, Study 2","Agency","Self-Reports",1.03409967476028,1.03409967476028,0.254733574945587,0.064889194204559,82,41,41,82,"1",0,1,0,0,2020,"TRUE"
312,312,111,"Abele & Yzerbyt, 2020","2","Abele & Yzerbyt, 2020, Study 2","Communion","Self-Reports",-0.429637218487613,-0.429637218487613,0.236457481835563,0.0559121407160158,82,41,41,82,"2",0,1,0,0,2020,"TRUE"
313,313,112,"Abele & Yzerbyt, 2020","3","Abele & Yzerbyt, 2020, Study 3","Agency","Self-Reports",NA,NA,NA,NA,60,60,0,120,"1",0,1,0,0,2020,"only exploratory"
314,314,112,"Abele & Yzerbyt, 2020","3","Abele & Yzerbyt, 2020, Study 3","Communion","Self-Reports",NA,NA,NA,NA,60,60,0,120,"2",0,1,0,0,2020,"only exploratory"
315,315,113,"Brown et al., 2020","1","Brown et al., 2020, Study 1","Power feelings","Self-Reports",NA,NA,NA,NA,50,50,0,100,"1",0,1,1,0,2020,"only exploratory"
316,316,113,"Brown et al., 2020","1","Brown et al., 2020, Study 1","Power feelings","Self-Reports",NA,NA,NA,NA,50,50,0,100,NA,0,1,1,0,2020,"only exploratory"
317,317,113,"Brown et al., 2020","1","Brown et al., 2020, Study 1","Power feelings","Self-Reports",NA,NA,NA,NA,50,50,0,100,NA,0,1,1,0,2020,"only exploratory"
318,318,114,"Brown et al., 2020","1","Brown et al., 2020, Study 1","Power feelings","Self-Reports",NA,NA,NA,NA,25,25,0,50,NA,0,1,1,0,2020,"only exploratory"
319,319,114,"Brown et al., 2020","1","Brown et al., 2020, Study 1","Power feelings","Self-Reports",NA,NA,NA,NA,25,25,0,50,NA,0,1,1,0,2020,"only exploratory"
320,320,114,"Brown et al., 2020","1","Brown et al., 2020, Study 1","Power feelings","Self-Reports",NA,NA,NA,NA,25,25,0,50,NA,0,1,1,0,2020,"only exploratory"
321,321,113,"Brown et al., 2020","1","Brown et al., 2020, Study 1","Paranoia","Self-Reports",NA,NA,NA,NA,50,50,0,100,NA,0,1,1,0,2020,"only exploratory"
322,322,113,"Brown et al., 2020","1","Brown et al., 2020, Study 1","Paranoia","Self-Reports",NA,NA,NA,NA,50,50,0,100,NA,0,1,1,0,2020,"only exploratory"
323,323,114,"Brown et al., 2020","1","Brown et al., 2020, Study 1","Paranoia","Self-Reports",NA,NA,NA,NA,25,25,0,50,NA,0,1,1,0,2020,"only exploratory"
324,324,114,"Brown et al., 2020","1","Brown et al., 2020, Study 1","Paranoia","Self-Reports",NA,NA,NA,NA,25,25,0,50,"2",0,1,1,0,2020,"only exploratory"
325,325,115,"Michinov & Michinov, 2020","5","Michinov & Michinov, 2020, Study 5","Power feelings","Self-Reports",0.178810542057962,0.178810542057962,0.213928540452151,0.0457654204199878,84,42,42,84,"3",0,0,0,0,2020,"TRUE"
326,326,116,"Peña & Chen, 2017b","1","Peña & Chen, 2017b, Study 1","Prosocial behavior RT","Behavior",0.0307473796632026,0.0307473796632026,0.117956918375156,0.0139138345925632,254,129,125,309,"1",0,1,0,0,2017,"TRUE"
327,327,116,"Peña & Chen, 2017b","1","Peña & Chen, 2017b, Study 1","Prosocial behavior magnitude","Behavior",0.0988111557222671,0.0988111557222671,0.123453813427787,0.0152408440498628,254,129,125,309,NA,0,1,0,0,2017,"TRUE"
328,328,116,"Peña & Chen, 2017b","1","Peña & Chen, 2017b, Study 1","Prosocial intention","Self-Reports",0.224588343280723,0.224588343280723,0.117681667721068,0.0138489749176119,250,129,125,309,"2",0,1,0,0,2017,"TRUE"
329,329,117,"Metzler et al., 2020","1","Metzler et al., 2020, Study 1","Avoidance of anger","Behavior",-0.366997799301925,-0.366997799301925,0.164397340164062,0.0270264854530182,79,40,39,79,"1",0,1,0,0,2020,"TRUE"
330,330,117,"Metzler et al., 2020","1","Metzler et al., 2020, Study 1","Avoidance of fear","Behavior",0.224557615348375,0.224557615348375,0.197256942241493,0.0389103012624635,79,40,39,79,"2",0,1,0,0,2020,"TRUE"
331,331,118,"Zloteanu & Richardson, 2020","2","Zloteanu & Richardson, 2020, Study 2","Gazing behavior","Behavior",0.894160986442845,0.894160986442845,0.453119568063984,0.205317342962491,32,16,16,32,"1",NA,0,0,0,2020,"TRUE"
332,332,118,"Zloteanu & Richardson, 2020","2","Zloteanu & Richardson, 2020, Study 2","Confidence in decoding","Self-Reports",0.423907544284439,0.423907544284439,0.350251779596761,0.122676309110698,32,16,16,32,"2",NA,0,0,0,2020,"TRUE"
333,333,119,"Weineck et al., 2020a","1","Weineck et al., 2020a, Study 1","Interoceptive sensibility","Self-Reports",NA,NA,NA,NA,NA,101,0,101,"1",0,1,0,0,2020,"only exploratory"
334,334,119,"Weineck et al., 2020a","1","Weineck et al., 2020a, Study 1","Pleasantness","Self-Reports",NA,NA,NA,NA,NA,101,0,101,NA,0,1,0,0,2020,"only exploratory"
335,335,119,"Weineck et al., 2020a","1","Weineck et al., 2020a, Study 1","Arousal","Self-Reports",NA,NA,NA,NA,NA,101,0,101,NA,0,1,0,0,2020,"only exploratory"
336,336,119,"Weineck et al., 2020a","1","Weineck et al., 2020a, Study 1","Dominance","Self-Reports",NA,NA,NA,NA,NA,101,0,101,"2",0,1,0,0,2020,"only exploratory"
337,337,120,"Weineck et al., 2020b","1","Weineck et al., 2020b, Study 1","State Anxiety","Self-Reports",NA,NA,NA,NA,NA,29,0,57,"1",0,1,0,0,2020,"only exploratory"
338,338,120,"Weineck et al., 2020b","1","Weineck et al., 2020b, Study 1","Interoceptive sensibility","Self-Reports",NA,NA,NA,NA,NA,26,0,57,NA,0,1,0,0,2020,"only exploratory"
339,339,120,"Weineck et al., 2020b","1","Weineck et al., 2020b, Study 1","Interoceptive sensibility","Self-Reports",NA,NA,NA,NA,NA,28,0,57,"2",0,1,0,0,2020,"only exploratory"
340,340,121,"Albarrati et al., 2018","1","Albarrati et al., 2018, Study 1","Inspiratory muscle strength","Physiology",0.355431839684527,0.355431839684527,0.173360571511918,0.0300538877549387,35,35,35,35,"1",1,0,0,1,2018,"TRUE"
341,341,122,"Alghadir et al., 2017","1","Alghadir et al., 2017, Study 1","Grip Strength","Physiology",-0.122539110708412,-0.122539110708412,0.037096615495894,0.0013761588812502,100,135,135,100,"1",1,0,0,1,2017,"TRUE"
342,342,123,"Parkkinen, 2020","1","Parkkinen, 2020, Study 1","Stress","Self-Reports",-0.0854840306287283,-0.0854840306287283,0.524248956781964,0.274836968686978,11,6,5,11,NA,0,0,0,0,2020,"TRUE"
343,343,123,"Parkkinen, 2020","1","Parkkinen, 2020, Study 1","Confidence","Self-Reports",0.436802564705921,0.436802564705921,0.587823397443014,0.345536346581448,11,6,5,11,NA,0,0,0,0,2020,"TRUE"
344,344,124,"Turner & Stanley, 2018","1","Turner & Stanley, 2018, Study 1","Power feelings","Self-Reports",0.959965096586244,0.959965096586244,0.350369471238446,0.122758766375908,36,18,18,54,"1",0,0,0,0,2018,"TRUE"
345,345,125,"Turner & Stanley, 2018","1","Turner & Stanley, 2018, Study 1","Power feelings","Self-Reports",-0.30497503781365,-0.30497503781365,0.379821312780327,0.144264229642171,26,13,13,39,"2",0,0,0,0,2018,"TRUE"
346,346,126,"Miragall et al., 2018b","1","Miragall et al., 2018b, Study 1","positive affect","Self-Reports",0.346818421209032,0.346818421209032,0.299036511078425,0.0894228349579572,56,27,29,56,"1",0,1,0,0,2018,"TRUE"
347,347,126,"Miragall et al., 2018b","1","Miragall et al., 2018b, Study 1","negative affect","Self-Reports",-0.346818421209032,-0.346818421209032,0.26779912068084,0.071716369037431,56,27,29,56,NA,0,1,0,0,2018,"TRUE"
348,348,126,"Miragall et al., 2018b","1","Miragall et al., 2018b, Study 1","positive cognition","Self-Reports",0.346818421209032,0.346818421209032,0.284342262343437,0.0808505221545837,56,27,29,56,NA,0,1,0,0,2018,"TRUE"
349,349,126,"Miragall et al., 2018b","1","Miragall et al., 2018b, Study 1","negative cognition","Self-Reports",0.581538506136525,0.581538506136525,0.278362497772018,0.0774856801658766,56,27,29,56,NA,0,1,0,0,2018,"TRUE"
350,350,126,"Miragall et al., 2018b","1","Miragall et al., 2018b, Study 1","negative emotions","Self-Reports",-0.281727574750831,-0.281727574750831,0.293142212272382,0.0859323566159461,56,27,29,56,NA,0,1,0,0,2018,"TRUE"
351,351,126,"Miragall et al., 2018b","1","Miragall et al., 2018b, Study 1","pose as facilitator in performing speech task","Self-Reports",0.252427906976744,0.252427906976744,0.179578559126939,0.0322484588981075,56,27,29,56,NA,0,1,0,0,2018,"TRUE"
352,352,126,"Miragall et al., 2018b","1","Miragall et al., 2018b, Study 1","confidence in speech","Self-Reports",0.470905115384332,0.470905115384332,0.26561757659268,0.0705526969949681,56,27,29,56,"2",0,1,0,0,2018,"TRUE"
353,353,127,"Giesen & Kanis, 2019","1","Giesen & Kanis, 2019, Study 1","power feelings","Self-Reports",2.39570104386998,2.39570104386998,0.534464818704516,0.285652642432851,30,15,15,15,"3",0,0,0,0,2019,"TRUE"
354,354,128,"Giesen & Kanis, 2019","2","Giesen & Kanis, 2019, Study 2","power feelings","Self-Reports",0.555829044528977,0.555829044528977,0.222163701483853,0.0493567102570066,84,41,43,84,"1",0,1,1,0,2019,"TRUE"
355,355,128,"Giesen & Kanis, 2019","2","Giesen & Kanis, 2019, Study 2","Recall of observation-based stimulus-response episodes","Behavior",0.0887108989942592,0.0887108989942592,0.196171735393971,0.0384833497674821,84,41,43,84,"2",0,1,1,0,2019,"TRUE"
356,356,129,"Jewiss et al., 2016","1","Jewiss et al., 2016, Study 1","perceived threat","Self-Reports",-0.419229806176927,-0.419229806176927,0.360853757729294,0.130215434467352,30,15,15,30,NA,0,1,0,0,2016,"TRUE"
357,357,129,"Jewiss et al., 2016","1","Jewiss et al., 2016, Study 1","power feelings","Self-Reports",-0.120795028898437,-0.120795028898437,0.341251116086068,0.116452324229987,30,15,15,30,NA,0,1,0,0,2016,"TRUE"
358,358,129,"Jewiss et al., 2016","1","Jewiss et al., 2016, Study 1","challgenge/threat index","Physiology",0.628844709265391,0.628844709265391,0.368541087213267,0.135822532964337,30,15,15,30,NA,0,1,0,0,2016,"TRUE"
359,359,129,"Jewiss et al., 2016","1","Jewiss et al., 2016, Study 1","perceived challenge","Self-Reports",-0.774509302937035,-0.774509302937035,0.385652801849592,0.148728083574441,30,15,15,30,"2",0,1,0,0,2016,"TRUE"
360,360,129,"Jewiss et al., 2016","1","Jewiss et al., 2016, Study 1","crossbow shooting performance","Behavior",0.977018616090296,0.977018616090296,0.381051883002762,0.14520053753995,30,15,15,30,NA,0,1,0,0,2016,"TRUE"
361,361,130,"Corrington, 2018","1","Corrington, 2018, Study 1","negotiation success","Behavior",NA,NA,NA,NA,18,18,0,18,NA,0,0,0,2,2018,"only exploratory"
362,362,131,"Victor, 2013","1","Victor, 2013, Study 1","action taking","Behavior",NA,NA,NA,NA,247,124,123,247,NA,0,1,0,0,2013,"FALSE"
363,363,131,"Victor, 2013","1","Victor, 2013, Study 1","risk taking","Behavior",NA,NA,NA,NA,247,124,123,247,NA,0,1,0,0,2013,"FALSE"
364,364,131,"Victor, 2013","1","Victor, 2013, Study 1","pain tolerance","Physiology",NA,NA,NA,NA,247,124,123,247,NA,0,1,0,0,2013,"FALSE"
365,365,131,"Victor, 2013","1","Victor, 2013, Study 1","personal sense of power","Self-Reports",NA,NA,NA,NA,247,124,123,247,NA,0,1,0,0,2013,"FALSE"
366,366,132,"van Wijnen, 2017","1","van Wijnen, 2017, Study 1","action taking","Behavior",0.258256032368763,0.258256032368763,0.214273810064556,0.0459132656795814,86,43,43,86,"2",0,1,0,0,2017,"TRUE"
367,367,133,"Jones et al., 2016","1","Jones et al., 2016, Study 1","Mindfulness: decentering","Self-Reports",0.468099380358834,0.468099380358834,0.320688538391715,0.102841138655815,39,18,21,39,"1",1,0,0,0,2016,"TRUE"
368,368,133,"Jones et al., 2016","1","Jones et al., 2016, Study 1","Mindfulness: curiosity","Self-Reports",0.34301738624143,0.34301738624143,0.316985317462427,0.100479691486756,39,18,21,39,NA,1,0,0,0,2016,"TRUE"
369,369,133,"Jones et al., 2016","1","Jones et al., 2016, Study 1","Distress tolerance","Self-Reports",-0.279211213491972,-0.279211213491972,0.313265563007118,0.0981353129661666,39,18,21,39,NA,1,0,0,0,2016,"TRUE"
370,370,133,"Jones et al., 2016","1","Jones et al., 2016, Study 1","positive affect","Self-Reports",0.11884863917953,0.11884863917953,0.305606718306023,0.0933954662737768,38,18,20,39,NA,1,0,0,0,2016,"TRUE"
371,371,133,"Jones et al., 2016","1","Jones et al., 2016, Study 1","negative affect","Self-Reports",-0.100445433071274,-0.100445433071274,0.303595593230373,0.0921702842289024,38,18,20,39,"2",1,0,0,0,2016,"TRUE"
372,372,134,"Southworth, 2018","1","Southworth, 2018, Study 1","power feelings","Self-Reports",-0.0790828842588895,-0.0790828842588895,0.332030706201392,0.110244389860595,31,15,NA,47,NA,0,0,0,0,2018,"TRUE"
373,373,134,"Southworth, 2018","1","Southworth, 2018, Study 1","confidence feelings","Self-Reports",0.36667048908872,0.36667048908872,0.353395858120401,0.124888632536654,31,15,NA,47,NA,0,0,0,0,2018,"TRUE"
374,374,135,"Ahmadi, 2018","1","Ahmadi, 2018, Study 1","ultimatium game - composite score","Behavior",NA,NA,NA,NA,103,52,51,103,NA,0,1,0,0,2018,"FALSE"
375,374,135,"Ahmadi, 2018","1","Ahmadi, 2018, Study 1","ultimatium game - rejecting low offer","Behavior",NA,NA,NA,NA,103,52,51,103,NA,0,1,0,0,2018,"FALSE"
376,375,136,"Flores-Cruz, 2020","1","Flores-Cruz, 2020, Study 1","mood","Self-Reports",0.131714314984042,0.131714314984042,0.183763442233168,0.0337690027013829,101,50,51,101,NA,1,1,0,0,2020,"TRUE"
377,376,137,"Muntean et al., 2021","1","Muntean et al., 2021, Study 1","functional anxiety","Self-Reports",0.190880126393795,0.190880126393795,0.679091681300465,0.461165511611492,50,25,25,72,NA,0,1,0,0,2021,"TRUE"
378,377,137,"Muntean et al., 2021","1","Muntean et al., 2021, Study 1","dysfunctional anxiet","Self-Reports",0.141006551975443,0.141006551975443,0.943140723902559,0.889514425083443,50,25,25,72,NA,0,1,0,0,2021,"TRUE"
379,378,138,"Tsibiktoglou, 2011","1","Tsibiktoglou, 2011, Study 1","positive affect","Self-Reports",0.332425314261974,0.332425314261974,0.457769093584859,0.209552543041503,30,14,16,30,NA,1,1,0,0,2011,"TRUE"
380,379,138,"Tsibiktoglou, 2011","1","Tsibiktoglou, 2011, Study 1","negative affect","Self-Reports",0.38918918918919,0.38918918918919,0.323590523903245,0.104710827159976,30,14,16,30,NA,1,1,0,0,2011,"TRUE"
381,380,139,"Awad et al., 2021","1","Awad et al., 2021, Study 1","mood","Self-Reports",0.490344827586207,0.490344827586207,0.1995,0.03980025,82,41,41,82,NA,1,1,0,0,2021,"TRUE"
382,381,140,"Cogan, 2018","1","Cogan, 2018, Study 1","power feelings","Self-Reports",0.676742932963015,0.676742932963015,0.419018534828001,0.175576532529405,24,12,12,48,"1",0,1,0,0,2018,"TRUE"
383,382,141,"Cogan, 2018","1","Cogan, 2018, Study 1","power feelings","Self-Reports",-0.258770898285319,-0.258770898285319,0.391237584825938,0.153066847780433,24,12,12,48,NA,0,1,0,0,2018,"TRUE"
384,383,140,"Cogan, 2018","1","Cogan, 2018, Study 1","feelings of stress","Self-Reports",0.0790274861230086,0.0790274861230086,0.372611504117623,0.138839333000798,24,12,12,48,NA,0,1,0,0,2018,"TRUE"
385,384,141,"Cogan, 2018","1","Cogan, 2018, Study 1","feelings of stress","Self-Reports",0.204704886765245,0.204704886765245,0.386638685675014,0.149489473260502,24,12,12,48,NA,0,1,0,0,2018,"TRUE"
386,385,140,"Cogan, 2018","1","Cogan, 2018, Study 1","cortisol","Physiology",0.16960244685529,0.16960244685529,0.413573800350081,0.171043288336008,21,11,10,41,NA,0,1,0,0,2018,"TRUE"
387,386,141,"Cogan, 2018","1","Cogan, 2018, Study 1","cortisol","Physiology",-0.245184381535001,-0.245184381535001,0.452506963949875,0.204762552423134,20,8,12,41,"2",0,1,0,0,2018,"TRUE"
388,387,142,"Marshall, 2020","1","Marshall, 2020, Study 1","electrodermal activity (skin conductance)","Physiology",-0.264742601141514,-0.264742601141514,0.267923050464488,0.0717827609701967,43,20,23,44,"1",0,0,0,0,2020,"TRUE"
389,388,142,"Marshall, 2020","1","Marshall, 2020, Study 1","HRV","Physiology",-0.175834244557004,-0.175834244557004,0.296841181909706,0.0881146872775514,43,20,23,44,NA,0,0,0,0,2020,"TRUE"
390,389,142,"Marshall, 2020","1","Marshall, 2020, Study 1","positive affect","Self-Reports",0.0906571570765155,0.0906571570765155,0.288003819256917,0.0829461999065711,43,20,23,44,NA,0,0,0,0,2020,"TRUE"
391,390,142,"Marshall, 2020","1","Marshall, 2020, Study 1","negative affect","Self-Reports",0.0646702702258715,0.0646702702258715,0.289932721209248,0.0840609828277996,43,20,23,44,NA,0,0,0,0,2020,"TRUE"
392,391,142,"Marshall, 2020","1","Marshall, 2020, Study 1","stress (VAS)","Self-Reports",-0.0626107779924131,-0.0626107779924131,0.309305561111306,0.0956699301343796,43,20,23,44,NA,0,0,0,0,2020,"TRUE"
393,392,142,"Marshall, 2020","1","Marshall, 2020, Study 1","risk taking","Behavior",0.119976899406555,0.119976899406555,0.287139418311247,0.0824490455481213,43,20,23,44,"2",0,0,0,0,2020,"TRUE"
394,393,143,"Toscano, 2014","1","Toscano, 2014, Study 1","power feelings","Self-Reports",0.920810374465706,0.920810374465706,0.146117005348861,0.021350179252119,196,98,98,196,NA,0,1,0,0,2014,"TRUE"
395,394,144,"Toscano, 2014","2","Toscano, 2014, Study 2","power feelings","Self-Reports",0.709498716663605,0.709498716663605,0.228240311626832,0.0520936398515136,81,40,41,81,NA,0,1,0,0,2014,"TRUE"
396,395,145,"Dantzler, 2016","1","Dantzler, 2016, Study 1","academic self-concept","Self-Reports",0.176548108195571,0.176548108195571,0.245074897968891,0.0600617056144626,57,29,28,57,NA,0,0,0,0,2016,"TRUE"
397,396,146,"Cerutti, 2016","1","Cerutti, 2016, Study 1","self-esteem","Self-Reports",0.528395565125982,0.528395565125982,0.27488623603535,0.075562442761682,54,27,27,54,NA,1,1,0,0,2016,"TRUE"
398,397,146,"Cerutti, 2016","1","Cerutti, 2016, Study 1","classroom participation","Behavior",0,0,NA,NA,54,27,27,54,"1",1,1,0,0,2016,"FALSE"
399,398,146,"Cerutti, 2016","1","Cerutti, 2016, Study 1","perceived participation","Self-Reports",0.0268221099048722,0.0268221099048722,0.24761326022524,0.0613123266393723,54,27,27,54,"2",1,1,0,0,2016,"TRUE"
400,399,147,"Collins et al., 2014","1","Collins et al., 2014, Study 1","mood","Self-Reports",NA,NA,NA,NA,30,30,0,120,NA,0,1,0,0,2014,"only exploratory"
401,400,148,"Collins et al., 2014","1","Collins et al., 2014, Study 1","mood","Self-Reports",NA,NA,NA,NA,30,30,0,120,NA,0,1,0,0,2014,"only exploratory"
402,401,147,"Collins et al., 2014","1","Collins et al., 2014, Study 1","self-control","Self-Reports",NA,NA,NA,NA,30,30,0,120,NA,0,1,0,0,2014,"only exploratory"
403,402,148,"Collins et al., 2014","1","Collins et al., 2014, Study 1","self-control","Self-Reports",NA,NA,NA,NA,30,30,0,120,NA,0,1,0,0,2014,"only exploratory"
404,403,147,"Collins et al., 2014","1","Collins et al., 2014, Study 1","intrinsic motivation","Self-Reports",NA,NA,NA,NA,30,30,0,120,NA,0,1,0,0,2014,"only exploratory"
405,404,148,"Collins et al., 2014","1","Collins et al., 2014, Study 1","intrinsic motivation","Self-Reports",NA,NA,NA,NA,30,30,0,120,NA,0,1,0,0,2014,"only exploratory"
406,405,147,"Collins et al., 2014","1","Collins et al., 2014, Study 1","success motivation","Self-Reports",NA,NA,NA,NA,30,30,0,120,NA,0,1,0,0,2014,"only exploratory"
407,406,148,"Collins et al., 2014","1","Collins et al., 2014, Study 1","success motivation","Self-Reports",NA,NA,NA,NA,30,30,0,120,NA,0,1,0,0,2014,"only exploratory"
408,407,147,"Collins et al., 2014","1","Collins et al., 2014, Study 1","risk taking","Behavior",NA,NA,NA,NA,30,30,0,120,NA,0,1,0,0,2014,"only exploratory"
409,408,148,"Collins et al., 2014","1","Collins et al., 2014, Study 1","risk taking","Behavior",NA,NA,NA,NA,30,30,0,120,NA,0,1,0,0,2014,"only exploratory"
410,409,147,"Collins et al., 2014","1","Collins et al., 2014, Study 1","risk taking","Self-Reports",NA,NA,NA,NA,30,30,0,120,NA,0,1,0,0,2014,"only exploratory"
411,410,148,"Collins et al., 2014","1","Collins et al., 2014, Study 1","risk taking","Self-Reports",NA,NA,NA,NA,30,30,0,120,NA,0,1,0,0,2014,"only exploratory"
412,411,147,"Collins et al., 2014","1","Collins et al., 2014, Study 1","delay of gratification","Behavior",NA,NA,NA,NA,30,30,0,120,NA,0,1,0,0,2014,"only exploratory"
413,412,148,"Collins et al., 2014","1","Collins et al., 2014, Study 1","delay of gratification","Behavior",NA,NA,NA,NA,30,30,0,120,NA,0,1,0,0,2014,"only exploratory"
414,413,149,"Schweizer et al., 2016-2018","1","Schweizer et al., 2016-2018, Study 1","power feelings","Self-Reports",0.372842638010117,0.372842638010117,0.201331371293284,0.0405343210668343,100,50,50,100,NA,0,0,0,0,20162018,"TRUE"
415,414,149,"Schweizer et al., 2016-2018","1","Schweizer et al., 2016-2018, Study 1","closeness to bulls eye","Behavior",0.025802691928546,0.025802691928546,0.183279880616993,0.0335915146389793,100,50,50,100,NA,0,0,0,0,20162018,"TRUE"
416,415,150,"Schweizer et al., 2016-2018","2","Schweizer et al., 2016-2018, Study 2","power feelings","Self-Reports",0.641053086301479,0.641053086301479,0.231348687814667,0.0535222153535683,80,40,40,80,NA,0,0,1,0,20162018,"TRUE"
417,416,150,"Schweizer et al., 2016-2018","2","Schweizer et al., 2016-2018, Study 2","closeness to bulls eye","Behavior",0.177872774997578,0.177872774997578,0.224531330557893,0.0504143184020978,80,40,40,80,NA,0,0,1,0,20162018,"TRUE"
418,417,151,"Schweizer et al., 2016-2018","3","Schweizer et al., 2016-2018, Study 3","power feelings","Self-Reports",-0.0359932739017363,-0.0359932739017363,0.232083196747864,0.0538626102127079,93,50,43,93,NA,0,0,0,0,20162018,"TRUE"
419,418,151,"Schweizer et al., 2016-2018","3","Schweizer et al., 2016-2018, Study 3","duration of squat","Behavior",0.252922993611903,0.252922993611903,0.210609575758271,0.0443563934010788,93,50,43,93,NA,0,0,0,0,20162018,"TRUE"
420,419,152,"Schweizer et al., 2016-2018","4","Schweizer et al., 2016-2018, Study 4","power feelings","Self-Reports",-0.244008537741709,-0.244008537741709,0.222453588186483,0.0494855988970414,79,39,40,79,NA,0,0,0,0,20162018,"TRUE"
421,420,152,"Schweizer et al., 2016-2018","4","Schweizer et al., 2016-2018, Study 4","duration of squat","Behavior",0.473169252469184,0.473169252469184,0.230694980622207,0.0532201740842806,79,39,40,79,NA,0,0,0,0,20162018,"TRUE"
422,421,153,"Schweizer et al., 2016-2018","5","Schweizer et al., 2016-2018, Study 5","power feelings","Self-Reports",0.86900269541779,0.86900269541779,0.228569585950961,0.0522440556217936,81,42,39,81,NA,0,0,0,0,20162018,"TRUE"
423,422,153,"Schweizer et al., 2016-2018","5","Schweizer et al., 2016-2018, Study 5","throw speed","Behavior",1.08877319020665,1.08877319020665,0.235886773358656,0.0556425698455579,81,42,39,81,NA,0,0,0,0,20162018,"TRUE"
424,423,154,"Schweizer et al., 2016-2018","6","Schweizer et al., 2016-2018, Study 6","distance of rounders","Behavior",0.154087701903131,0.154087701903131,0.204254298912998,0.0417198186244402,92,47,45,92,NA,0,0,1,0,20162018,"TRUE"
425,424,155,"Nault et al., 2017","1","Nault et al., 2017, Study 1","cortisol","Physiology",0.401980845427762,0.401980845427762,0.262988970189716,0.0691631984414473,58,29,29,58,NA,0,1,0,0,2017,"TRUE"
426,424,155,"Nault et al., 2017","1","Nault et al., 2017, Study 1","cortisol","Physiology",0.285021429240167,0.285021429240167,0.259809061111845,0.0675007482358186,58,29,29,58,NA,0,1,0,0,2017,"TRUE"
427,425,155,"Nault et al., 2017","1","Nault et al., 2017, Study 1","testosterone","Physiology",0.320533286741885,0.320533286741885,0.265406439619855,0.0704405781916876,57,28,29,58,NA,0,1,0,0,2017,"TRUE"
428,425,155,"Nault et al., 2017","1","Nault et al., 2017, Study 1","testosterone","Physiology",0.259430660050116,0.259430660050116,0.2631311960201,0.0692380263189681,57,28,29,58,NA,0,1,0,0,2017,"TRUE"
429,426,155,"Nault et al., 2017","1","Nault et al., 2017, Study 1","alpha-amylase","Physiology",0.156181363160879,0.156181363160879,0.253608864709554,0.0643174562592691,58,29,29,58,NA,0,1,0,0,2017,"TRUE"
430,426,155,"Nault et al., 2017","1","Nault et al., 2017, Study 1","alpha-amylase","Physiology",-0.0146905980472647,-0.0146905980472647,0.237106319174668,0.0562194065925595,58,29,29,58,NA,0,1,0,0,2017,"TRUE"
